1971;4a9e
05b5;01cf
133c;6d95
1373;f704
03aa;8b09
193b;fff7
165b;b28a
0642;8c27
19b5;ad2c
1982;1a02
143a;3b45
1c9e;ecb0
1d6b;6fb3
1188;9d88
0084;98ac
1c4e;45af
1dbc;91e1
15e9;41b2
1e41;3fcf
1d7e;58dd
0973;a6d8
16b4;9576
0947;8aa3
0c9e;9bbe
1579;412e
1b76;eff6
05e1;bbb4
024e;b9b7
0d92;5445
0634;ea44
1e73;883c
03e9;5034
03d8;4c56
1d05;006f
18da;2842
1f88;482e
0839;a09b
07dd;d70a
139f;a2d2
1c3a;0554
14d9;9d90
01cd;7ef0
0dec;4011
1774;be53
0995;9c33
0b23;dcb7
06a8;d4e3
0a67;b345
1c7a;e5a9
0845;d5e5
128f;99dc
1911;4ca9
1225;36e6
11d5;58f4
10a5;926f
04c6;7a3d
0e9c;dff8
0cfb;e6e2
1dce;66e6
1cb6;276b
0b4d;5849
074d;c26b
16d7;1ba1
171d;6089
164b;7f6f
0ddd;b224
0151;6c5b
134f;128a
020a;9c39
16ed;b4c9
0674;f4f9
0744;06a4
1a3b;a273
0fbc;df42
0227;8750
1960;1d68
1f87;97b1
03a9;2cb7
0f51;870e
123c;b7bf
0a38;2973
07b0;f9ef
1521;5c72
1510;1368
034e;ad8d
009a;d9a9
1d09;4557
1fa1;4a6a
0fba;6c11
171c;2261
0c67;31d9
0534;caf0
067e;33e5
0645;6254
030c;9466
0b47;cd60
0523;326c
132c;0089
010d;6f9b
0d1b;624d
1147;740d
1eed;7769
18e5;ec33
1974;5177
0da6;0ee6
1be4;b98f
1f35;8eaf
1575;c903
0190;c09d
177c;2d74
081c;4bd4
0533;e23a
17c3;5985
1be1;4899
04f5;0987
1983;828d
01c0;af2a
0b09;ad7b
0124;65ab
0117;f2a3
166a;d801
1a5a;8ef2
0fa1;a2ff
065a;22fc
16b6;b0c8
0cbd;e954
17b2;837b
1aa4;14b1
1459;a947
126e;d92e
1cb9;444e
11ff;2ec4
1c2d;c93b
07f5;6647
1bd2;118b
13cf;214c
1f27;97a3
0bcb;bbfe
0959;4091
12a7;72ba
1121;e7cb
1eda;5556
1251;d1ef
005a;a3f3
0962;9427
1dfe;d7e5
1ea6;ceeb
0ab9;381b
1442;35f5
1bf2;ca17
0f62;63d2
14a4;fa99
100a;1837
0de1;e53e
12b9;dec5
1758;de1b
01e6;e85e
1b71;c04e
158c;15e1
1d00;bb10
06ea;cb78
18a5;e439
0ef3;f3ea
1155;4b15
15d9;e82d
014a;21e0
0d77;73d3
13c3;a89e
13a3;59e0
1b16;fb5c
0747;f7d4
1403;99f4
1a04;9acd
0ad6;828a
0ef2;da05
04fd;182c
0413;c254
0426;bd67
0cb7;b1f2
09a2;b339
08ed;2f4f
1c70;135b
0a45;793d
049d;4f7f
1c81;e461
1546;7b7d
16c1;2e52
1cd8;e60f
0eef;a81a
1009;5aad
1a2c;afaa
1967;7eb8
0178;5eb0
13f0;1e76
11d0;4f08
0ee3;332b
12f8;00cf
0aa0;1bc1
1ac2;86db
13d6;6764
06ca;fa50
18f9;24b5
1de6;322c
1cfe;f85b
0c07;1fc9
0f66;45c8
10ed;a922
1c80;28d4
0240;ad7f
06a7;55dd
163d;0542
1a6d;01e9
0fc4;621e
19c2;af1a
113f;36ff
003f;8f03
181e;07f8
1ae0;37bb
0c36;0f35
1b3d;852f
0cd9;fa3f
1d1b;7a29
0a9e;866c
1639;229b
17eb;f68b
04b3;6ec2
1c56;d209
0192;adff
13c1;e001
1ddc;a44d
1350;40ea
13d7;b2b7
05d5;1218
1221;b8eb
0b29;1252
00d8;ecb2
1242;8609
19e8;e445
1e72;c640
1d6a;2ef6
19f6;69c2
159c;d70b
1e52;c4e5
199b;f55c
0724;42f9
1326;8f60
1ae4;3e82
1927;0ff9
1ad1;6cb2
1439;9dfd
1e71;f9ca
0ae1;63a8
1e11;4e69
18ca;b5e3
1126;5810
1f11;3ba8
0b9f;06a4
16e9;a5af
0c49;4abb
05b0;3192
0f80;eef4
1fdb;16be
1d31;75b8
0189;8d5a
1661;b82f
1266;f8c3
0134;808d
0c3e;6dc6
1e6c;26f0
0dd2;c988
0a7f;912d
1f86;e573
018e;1487
018f;8f06
1583;fd8a
1735;4011
04e7;7c0c
06f1;471e
0f2f;2ece
12e8;08e2
10b4;3d01
18c5;8c75
1add;24dd
13d2;3c94
1ac4;3097
175c;c683
12cd;78fa
08d3;cc19
135a;ab4a
0ec7;3043
1c50;e8cf
14eb;3864
0f4c;7a1c
1dea;3d4c
1682;506a
1476;e8dc
0de3;e6b2
0e9f;03e5
0efb;5b16
16d1;87fb
09d7;d68c
1d99;cdb4
129d;004a
0e15;f152
1e13;8e52
139c;e7f0
0a7b;7355
0d13;3080
1926;dcd4
15ce;a0ee
049f;63f2
0ba3;ba0c
0207;be27
1504;557b
136e;796f
0441;97eb
09e2;0ec6
0b83;0d37
09c3;25a9
0669;1ef1
1bfd;7878
1a11;e5e0
0309;e42c
0073;f314
1760;8420
1de3;ca26
1c8c;de8b
02db;ee92
0c5e;a675
152b;3d83
0e72;ebf6
1593;9c6a
1dcd;0220
100c;5df7
0a70;3b1a
037c;d27d
1cf2;4aa5
0edb;c57b
0abd;73d5
1f93;4217
039c;e856
09ed;16aa
0079;620a
15e4;054e
1ee2;7789
18a0;fd5a
04ac;91f8
197d;0a50
0401;e0ab
1107;66f5
061a;5536
17dc;6458
032f;5047
0658;1cd4
1d96;4258
1bb4;a4e0
06b3;d6be
1a2b;c3f7
0cf7;853c
08d5;c817
0baf;e2ec
1eff;1043
0bc1;a370
0c78;6dd7
0886;cfef
16d4;ecef
0e74;9cc0
0168;ad72
05f1;c807
008a;7ecf
0149;55c0
1f59;db19
13c0;ea4b
1cf4;1114
01d0;0cc3
08a0;b6ab
015d;bb31
1c82;8ba7
0ece;4eda
0e35;a124
174d;9373
0789;201b
027c;1e20
1499;46f9
1a29;91aa
1ef9;4f09
1c76;a66f
1c21;6171
124f;4393
0e47;41f9
0e1a;fa87
015f;755f
1965;9254
057e;4fe7
1e22;1125
0022;da4c
0855;ec6a
02b1;b578
0364;4757
0100;2ae7
0d35;63a3
0a06;be4a
1a03;dd6f
0fb3;b152
0be7;4c33
1f6c;f4bd
156a;e1eb
0ca6;4818
0a31;e19b
0f70;6b21
1004;1bb3
0390;0d87
1319;0021
07a7;f783
0ab3;30ba
1e24;9ef1
0fab;196d
1071;a961
1856;4528
094c;ae90
14b0;92b7
07b8;40c9
1900;da66
100e;5ebe
0a59;74fb
042c;0d28
0c05;6f94
0513;e9b3
0a95;e2a7
054d;52ab
0aa2;1ecc
1714;d9f8
138e;5976
0936;4234
0faf;8aff
0f61;292e
0679;f596
004a;7b6e
158d;51f8
12f2;0597
10bd;1565
15c0;c968
198c;911e
1ae3;a5ad
028a;b0d5
0c5c;f5bf
1dad;a331
128b;470e
02cd;4358
0107;3d75
13f3;8ae0
120e;9785
01f3;5990
1e58;64fa
0521;8460
0d26;69d0
1c9c;6b90
1a9f;448c
134a;bd34
1435;726b
1d36;68af
121d;8d69
1865;28a7
009b;6caf
0751;531f
0ad8;8f60
0304;f1b9
104f;85d7
1a2f;f290
118b;aee9
15d3;e81d
10fb;40b6
07e4;01ef
1a8a;7576
0b44;f689
05ba;7507
058c;92df
1044;75ff
1550;4f35
0b3a;ff02
1ad3;5c89
1a33;c5d5
05c9;f8af
18b1;014e
1491;7e5d
0aed;320a
0b67;a746
0613;415b
0cb4;b872
0daf;05c5
0670;404a
13fe;54fc
0ce0;29e3
097f;a641
08d7;b9cc
0aac;bd09
0557;76d0
1494;37cb
0853;08fd
116b;8262
1660;3e72
0b59;59de
1c43;e91f
0dc3;493c
1a46;ded3
140e;7818
071a;eb7d
051e;a10d
082a;f5be
0353;6c9e
0f17;60b0
01a1;b496
1411;5451
03e7;9691
0fa2;a276
1c42;a99c
03b5;3696
0aae;aa63
018d;b732
05a8;41ac
127b;5f4a
0f5c;783c
16e4;d70f
1933;f0d4
10e6;c9fa
06d6;aaee
0d27;8ced
03c1;2446
19f8;2157
1c10;27d3
1d3d;a566
0d91;dbf8
059b;fb37
1827;8dbe
0c4a;dde8
139e;9774
166b;9981
0b05;73d2
0857;6230
1afd;e531
058f;0ab4
18a4;a4a3
0476;a1cf
17d3;dd43
1c40;4d6d
15ae;ee0a
1bba;b139
12f9;4126
0086;2fee
1667;695a
09de;0a9d
042f;2778
1b01;6a6c
0121;6268
0f63;354f
0398;797e
1206;e7f7
19d2;c3aa
1872;4556
039a;9aef
0a2d;9d91
06a4;995e
0b8f;a041
10a7;a276
01f1;5f22
0bad;3e6e
0ae3;352e
1701;c501
1f25;6a98
1ee3;b6c3
0745;f42e
1de7;1199
0377;c431
1c1c;a702
15de;68ec
069d;93d9
0a00;af5c
0125;cfff
1e44;6b82
1f7a;322e
1fba;adda
04be;d293
0659;edc1
0fbd;9730
0c91;9c05
0111;35e3
0ecf;56db
170d;9c80
0e57;cd96
12e3;390b
19ff;7f11
13cb;7e4c
1517;93bc
11a2;18d0
090f;29c6
1972;188e
0ef6;0561
0363;08e4
1653;dc95
0f7f;3ad1
073d;519b
1862;55be
189c;2c95
1c89;9142
19a3;07dd
03bf;cecb
06d1;4597
0244;0525
0924;a08d
0ecd;8ab4
161d;3f32
0c4b;b4df
1168;c405
0169;c39e
1cf8;6747
12e9;473c
0576;0d71
1f81;8126
0980;f9a1
121c;96c7
05dd;69d6
1cbf;9fa8
1ecb;a7e0
023a;f3a9
0f30;5860
0461;41e8
1258;6d8d
14b3;3a33
065e;432f
00de;8870
05f4;065a
1a27;4932
0ee4;6e33
0afd;5796
0f98;385d
0331;3302
154b;d49a
0c0d;8dcf
18b7;da2f
1b9b;335c
154f;018a
173d;47b2
0608;a23a
08f5;4a79
0f99;42d7
1708;7a00
15b8;dc05
0753;989d
070d;bd3e
18f3;8707
0dd5;8f05
1375;2f2b
0735;e852
1709;66dd
1048;c45c
0a6b;76c1
1138;f132
1331;b998
1a18;aae6
103a;9e28
1a45;912a
0699;592e
0d61;c079
0f76;6974
10cd;bdbb
1ea8;6e9b
008c;13e7
056b;dc6c
0e5c;c577
1931;9bed
1ac8;8895
1caa;54f7
0159;a6df
1451;3689
071b;cebd
1a62;fae9
1b8e;be40
1799;9adc
04b4;430d
18bf;4e8d
05cc;370f
0791;8e06
092b;320f
0cf5;208e
0013;8466
16a2;2b95
0bbb;3d5f
0f7c;53b9
0f90;bea1
168f;aa0a
0c2d;f528
1a93;fec9
0c85;db6e
0d62;0666
1bb2;563d
00ab;9e58
15e8;57ff
1fda;1c86
0daa;e207
02ef;d012
0ffe;2cbb
129a;2629
09e6;7f04
0dc1;30a7
169a;f5a6
0359;dfad
14be;a32c
131d;c647
0911;3b6c
1a14;5499
0d53;12ed
04ba;2420
0819;c2e7
0e06;7b3d
1a4c;139b
0290;e21b
1e1c;b4e3
0bb7;4832
1e27;4cf1
025d;f284
08ff;c87f
0783;48ed
1e80;a049
1cc4;80c9
0cc3;51de
1111;34ae
199d;bfbe
08c2;4a9b
0a8a;7134
129e;5faa
0f8b;d86a
04f7;8baa
0b06;2c58
1622;e78f
066f;67fd
1bd1;5144
1056;9fbf
02a7;cf90
0876;9c31
07fc;77fd
12e6;a27d
053f;1562
14b6;abe1
044e;6da8
0e19;e5cb
07b9;a449
1f2f;2daa
1ada;05ed
1584;f174
0683;b4c3
1b9e;4be3
0ce3;02ba
0809;8798
10c3;c107
1834;c8c5
0d6b;377d
15b3;54cd
1d54;6999
0813;71ee
18af;ff5f
0e12;adc1
09c1;2456
0d03;0a1c
0967;49a0
0c79;5738
1bda;494e
1703;4e21
1c91;8f78
0ce2;2004
120a;1b25
10a9;e95b
07a3;b340
0548;6ae5
0fe8;d952
03d9;0915
1ddb;d563
13c2;e9dd
0d74;8689
00d9;cccf
1a85;af3e
16a7;6689
1420;8e0c
0cdb;a654
135c;f6c5
130c;b4b3
1bab;ef04
0109;b690
1514;bf5d
1dc2;7424
0112;ebda
001a;2b54
0123;175f
01a2;7de3
1b78;7360
07c9;1e85
0e7b;8baa
02c6;f0f8
1645;1a4d
019a;4c7f
1daa;bf86
0cde;a777
0b85;4424
083f;57fc
10c5;4f46
059d;1551
1d1c;8579
131b;a210
1671;c65c
1369;782c
086f;39f2
17d7;a18f
1b00;09ab
0d42;54a9
1721;8751
1b82;90ac
0d2f;ee79
1480;22c1
19f1;4054
1dd6;b94a
1e3e;42c1
04af;b545
0f7d;767a
0ef7;c4fd
1c25;6585
187f;07b3
17c0;33bc
1cf9;31ef
168c;ae5c
060e;291f
12e0;e933
0f8d;159b
1683;4c80
04cd;76b9
18ac;6f29
0894;f0d2
0da3;d6fc
1cb3;3997
1128;8f1c
0f4f;8f02
0e52;6c81
1f0c;100c
0251;f060
1a32;2b65
1d11;af29
0829;1a0a
098a;8555
0284;8997
1c6f;5ab4
09c7;e49b
102f;99e4
0f69;6e7e
11f7;15ad
0a96;7b55
07fb;4596
072b;1ba5
13db;7d6f
022a;ceb4
0282;7e68
03de;11d1
03fd;cd00
121f;df47
035f;308a
0435;62d4
1d06;ec3e
0a4f;a32c
1283;b9de
1b2c;51da
18cb;1dc7
153a;16e9
0b13;ca3d
04f0;8936
1548;bf42
0b5c;ddc4
034c;828a
1611;0dcd
1e96;0806
059e;1bfe
1c2b;2854
08e0;8e86
088a;fd85
0638;1850
0f86;ed4d
07e1;b645
0c09;b8db
0269;f561
1732;6fbb
0c52;a916
1952;fbc7
17f9;016a
1f98;699a
1c13;4aa9
01e0;7b67
1abf;20c6
09e0;2f75
0710;a1b3
02ed;dbb9
13eb;b226
060b;05df
1159;456a
06e8;fe82
0a9d;6eaf
1766;688a
0aaa;7667
04e1;efb0
1fc1;1024
00c6;29b2
19f0;6e11
14f5;7e07
1af4;c217
02be;6472
1d74;a5d0
1c26;993c
00b4;d2c7
1246;d43b
0f9a;703c
16f0;892b
0c4d;9ac7
0ac6;8baa
09e8;2672
0cad;3ae8
07a9;24cf
0d39;b1dc
04da;8c84
1adb;90a8
1202;d18d
1ea0;8b6d
1cac;7138
125b;ed38
018b;989c
1bbb;f3b1
0f45;5276
0096;e42f
0691;c1b1
0c31;d21f
1ae5;d0d6
040d;95a5
0054;c178
056d;2dc1
1ef1;05fb
035a;853e
13e6;33d4
00cd;f3e3
0fe5;7d61
02e8;fce4
12db;eb17
115a;7b31
0cf3;bfa8
03fb;df84
0483;9f02
0d10;9c6f
17f8;8f24
0842;8b8c
089e;0965
1771;b2ed
03ff;b828
0c90;a11f
12a5;5558
025e;d6d6
1aa8;a799
0702;fe9c
09c6;9842
1c0d;157e
10ef;89dc
03cf;ca7e
1a61;2873
1091;ba5c
13ad;8aee
11f6;2ee5
1045;dbd2
1f32;874b
0053;21c4
0091;3269
034a;400b
1d6c;8d70
144e;5bbe
1d58;235e
1937;2e58
1f8c;3694
08eb;9dce
006d;d2c5
0457;2f71
06c1;6cfa
0afa;63eb
0dc8;6015
08ba;021f
1030;9391
0961;6d8e
0d5b;1c98
1b20;df33
144d;3a08
086b;49a7
1b0c;4a51
19ae;060e
1f34;54f5
08b7;c08e
16dd;3cfd
07ad;58e9
17cf;c4d1
0b36;de44
1880;2732
0fef;39ef
1e97;de24
0720;a2e4
1c3d;fe25
0249;817c
14c1;8ac3
0cea;96a7
0db4;0b8d
0bd6;8442
0f25;5597
0d12;e7da
0761;7d0a
142b;f66a
0856;88f1
03d6;3563
135e;d29b
10df;0d75
1f75;7822
1133;1200
160d;b6af
0035;0587
163a;92c0
00b8;19a0
099c;65d9
1af2;ca41
02c9;dbac
1ced;5e1f
1c38;4e2f
00c0;bd89
0055;9730
0ba7;c1aa
1316;06d4
0c64;1176
1acf;d1bf
0716;17f8
06bb;813d
1bfb;3e78
1482;d239
1eab;2278
11c5;a509
1e76;143e
0fce;37ee
0c8a;bfef
04a7;79c9
0d90;e4a5
0aad;bbb4
1525;8bb5
0fa7;1635
1b47;12bb
051d;026b
1ce0;a73e
1380;5b51
0bbc;5210
1c01;51f4
1554;4a52
1a34;f0f8
0d21;17b3
18f8;8a83
11fd;e9de
1291;99b4
05d3;cc01
03cb;da65
0379;df2a
0be8;ca1f
0703;5672
07f9;729d
1497;fbd0
1b31;10ed
1fde;aca6
170e;2bb8
1db9;9f3b
190c;022a
1c47;f1ea
0a07;b45a
1832;f913
0f1e;3921
1c3f;8697
0889;7f7f
0629;4b97
0e07;993b
0da9;a704
1697;86c4
0637;f426
0913;de20
1fc6;8bc7
1605;25dd
00c3;2e6e
0000;181e
0bde;9764
0057;8a33
14fc;6958
15f6;182d
1277;96c4
152a;53e9
121e;5fa8
0db0;dd1d
1ad5;aec2
081a;c2ee
17ec;cbc2
15c3;9c12
07fa;c90f
067d;866d
0bfb;3c1d
1a20;b78a
031c;2b9d
0c38;13ac
1b48;7fde
1f92;0c6a
1516;5740
02dc;5fe9
0c42;4afc
1d47;73ad
0474;49e7
1cb8;29cf
0800;026e
1d61;f808
0051;4c7c
1b56;dce7
066a;063c
1632;7e50
16f3;0b6f
111f;8927
1bf6;3e10
050e;e7bc
16e2;0b8c
1efa;e12e
1c3e;24a2
1b11;0a5c
0ff7;5bdb
1e2c;844d
0c61;0452
166d;5f4d
0c82;0a56
1906;b5ae
0a16;b8e2
0e8c;4049
1aa0;e64a
0447;95c3
043b;e7c6
140d;6ae3
1c95;8fbd
08f4;32dc
0019;818c
1eb9;a79b
16ad;7ef1
12b5;b1dd
0646;5e1f
12c4;6ab7
0907;fc19
10ca;b164
0423;df7a
1e45;1aa8
1a3f;9c46
1c06;8383
1a09;92e9
07f7;f334
082e;7c07
01a4;0949
0722;5195
1f3e;e615
0e45;9f48
1be0;3271
125e;3d99
165d;6936
0ad3;bc97
030d;9368
133a;f741
04bf;3f50
1041;3ee4
1805;2e59
05c2;ed1e
113e;9071
0815;12c9
1dc7;1f34
0998;6267
0ac7;388c
1d17;e6ed
177b;0165
0755;b9fc
04ed;e7ff
01f4;3f11
0741;59d9
1464;45ea
1f47;c289
136b;243a
1cec;a448
0e08;7509
1620;2843
0c26;5851
181c;ecb7
0c00;e172
1ef8;fac8
1a54;ec46
08fa;badc
1a98;4012
0e6f;ef06
1356;96b5
1849;06b4
049e;2f37
0546;9fad
0570;c787
1867;2f65
0a35;6b4e
0704;fb71
155b;8748
1b7e;24f8
0b9c;0405
0119;9d4f
1141;bf52
0fa9;a65b
0fda;1e56
0a08;f374
1959;d238
04eb;ce71
1e92;9bdf
0487;97c7
1c68;0b32
0a82;00ea
07f6;646d
1987;3979
1253;a7f1
1a66;536c
153b;ae6f
1299;3452
1d2d;46f8
007a;65fb
1498;2261
0a7c;c77f
167a;9c85
0a72;de45
13ab;6bed
002a;f3ab
1315;ae2e
0c01;982d
02ac;a858
017a;7a22
08c5;12a0
053e;0a83
073e;d60b
191c;797a
0c47;95c9
0c56;21ae
1879;bd84
08a9;89a4
100d;f529
1839;552a
1ecd;4831
0188;8625
19af;a886
10d7;a412
1508;62fc
09e3;0c48
12a6;4bb5
0d05;226b
1426;a683
1388;f9ea
00a6;96bd
0026;414f
03c2;96f8
159b;e78d
14e7;86aa
0525;f69d
0f7e;b7a7
13c9;5c0a
14db;cccc
0ea5;5e62
1aaa;63cd
17c6;753a
1f9c;f2cf
15d8;4743
0dc4;9b61
16e8;55b7
01c1;d9af
0d5d;4c27
1571;8272
0406;d15e
05d4;7d0c
1e3b;a2d3
09be;1f1f
1aad;e876
141a;c6e9
1ac3;ebcb
1a68;b652
0ad9;61f8
0c8c;2615
11b3;9386
1c75;8211
1c7f;2d59
0609;5273
0473;ee25
15bd;9832
1902;342a
021e;317f
066d;422b
078a;5b2e
0514;ec21
0597;2926
0454;bd18
02e6;51a5
0a01;b32f
0850;0137
13a7;41d2
04a6;5577
01bd;79b0
1c66;cbc8
1d97;75a0
159f;cd67
052c;7083
117b;1e01
114c;4a8d
1607;1a2f
0e63;81d4
194c;18d5
0bae;bd9e
1fd7;5dac
0b2b;69b7
1801;78bc
1e5e;b79b
0200;da9d
14fa;2a38
02cc;7be7
04d4;6927
04a5;f1fb
0870;3921
0ebf;5c0f
1e18;12f6
0478;4794
0f88;f1f2
0567;b769
1542;29a6
0668;a0f1
14cc;7575
197b;99eb
10be;8b4e
1127;d809
0618;6307
0c2e;ee3b
0802;e780
0f3b;dda5
1307;b4a6
04f1;bfa3
1bbf;09aa
1998;7d51
063e;0a01
0132;9964
0871;7295
038f;d409
18ab;7d8a
19cf;3d13
07f1;b2a8
1070;d356
09f4;e0c0
19d3;edef
17b4;6438
1bcb;f71d
0a50;b02d
16e3;c552
1ed9;4d4e
17df;b5bb
06ed;8c61
0df9;c0f7
0068;8bb1
174b;6056
0d36;f29d
0811;fcc6
0fd0;89bc
1ac7;e6c5
1055;cdbb
1992;b934
1b79;1776
12ea;eefc
1875;5358
16b8;cc8d
029a;9478
00cf;4210
0d68;0ecf
174a;523f
167f;1603
18ae;183f
12bf;94fd
1b80;5f38
08fd;bd27
1c6c;da57
0ff9;3fae
1557;1654
1029;78be
0b33;38fe
0083;3e83
0fe0;8b46
1467;dc55
1b8d;8cd1
00e1;bd54
1bca;8e7c
19f4;6523
183d;37b6
1df5;5153
1c8f;b942
04e4;affa
0c18;6136
1100;d698
06d9;c0b7
19aa;b8f9
0f3f;935a
1763;e8d5
1f0a;571a
108d;9ffe
037d;21f6
1af9;92c9
0422;4555
02c3;a349
1389;7f13
13df;9057
0605;4d3b
1ede;cac3
03a4;2bb8
02d1;c05e
0415;9961
11e3;b1f5
103f;a043
0357;3eec
1112;55ba
062f;f8bc
1f97;6840
1264;14b9
1ace;2462
08b2;2b8d
1da7;0dd2
0f9c;a3fa
1578;e888
1f9d;013d
0f0a;63b4
0293;7753
1036;db1a
01bc;48ac
0bee;2b9b
0f9d;af10
1cce;12f6
1fa8;168c
1f58;91ae
17b3;1315
1646;b24a
1d35;055c
1f2d;ec53
081e;dbbf
0f64;ef2e
1e05;f554
16eb;9ab6
0a15;6f98
1507;46b4
0194;3cd4
0cc8;7bc6
1f10;5445
1b7b;b2ce
1083;b8a4
1254;9cc3
1fd8;7f5b
0687;ddb7
0db7;0942
1ebe;2012
1cd5;05d3
13ec;6378
0f15;f0d1
1ae9;9fcc
01fe;cefd
0dd9;454a
0692;06e1
102e;786a
1657;33bd
02de;4194
1c83;f344
0334;4e47
0d54;6208
15ad;37b3
1278;a039
1f4f;fe75
1353;509b
0543;d6ca
1754;8a52
1d45;1ddc
01f0;4b43
0edc;f026
1238;e4f7
184a;a17a
052e;2ca7
0d8e;39ab
1a01;bbd5
0c84;06e6
1223;c775
18d5;6ced
1227;e86d
069b;f2fe
16d6;60b3
0cf8;82d6
0414;854c
0355;a100
1a2e;9071
13c4;bc18
1b7c;ebd4
1239;b3a5
1d82;d39b
0cb6;fb5b
19cc;6924
0cb3;9a6e
0d47;d025
00e4;9664
039e;d396
1a50;914f
05a9;330d
12dd;233f
0a37;cfee
0dfc;cc9e
0325;ba4d
1dda;2407
110a;e2fe
0161;2f51
04ad;9aa0
0c10;c8b8
09b9;beb2
153f;6aa7
08a4;f677
00dd;8198
1df9;96c0
1db7;02fc
1bc4;38ff
1918;ff78
1cfc;3b45
116f;a0d2
0511;2241
0742;8e61
1738;3aa2
03df;42ff
1cff;6bc0
05fa;9d56
03e0;8a9b
1fec;69ca
0d97;12e5
18b9;18ae
097e;a4eb
0591;3dad
0f8c;db85
1b02;44a4
1788;b4df
154c;0cc8
1469;f7e5
13bb;11b6
098c;b10f
0fdb;53b7
1c08;88fb
1e34;f383
1f5d;5387
02ea;2ddc
0693;8440
09f0;daf6
0373;1694
0d29;8d9d
1119;e907
0a32;16c8
1d49;2377
1b55;ae31
06ce;d72b
011c;c287
0420;5046
13a2;2547
1e5f;05f8
1950;6178
1781;dca4
028b;cad0
1dab;dc7e
1fa9;681b
107a;c39a
0ca7;4acc
0281;1899
1a95;6b7e
04e6;d52e
01f7;28d5
1027;fe2c
09b1;ec60
1b65;331c
1a05;5375
078c;cdbc
068a;496c
0e3c;1537
1789;f7e7
0a51;4cb8
0d23;40f1
16b1;5f5f
1b5a;1a7d
1b50;ddd0
0382;b6fe
0c8d;e061
040f;4f2e
1397;532c
0e8e;a259
1130;ccd6
02f3;d8e7
15dd;01d4
166e;ba41
1fad;f74d
0906;051c
0250;3902
0e17;be73
015c;c457
1a49;d9bc
0fde;9db5
10f6;22c7
0569;b09e
1395;0f1c
1a87;0268
0e99;ae69
096e;635c
1f68;8236
1c9b;1f29
1bf1;a824
1cc0;e222
1d52;cdb0
0cc9;e805
1125;10b9
1f78;546a
1a26;548a
1e83;6e58
05cb;a7ae
002d;1145
03b3;2a43
1f01;6a1a
180e;0159
03d1;514a
057f;ae1f
1b18;fb34
11a9;510c
11dd;ac2d
0b4e;1949
14b8;86cd
1b4a;720e
0616;e39f
047f;8a9d
12df;551f
1798;fde7
1691;ee40
095d;a759
185e;dc93
0bb2;d4ae
000b;d71d
041d;960f
0833;f329
1be7;b519
01d4;4c24
10b2;0bd5
14f3;d8e6
106e;2093
1a7c;61d0
0676;3d69
1897;8c20
0fcc;3332
05be;e987
1b49;b864
1817;ba74
1748;22aa
083d;e91d
11fe;53fd
05fb;8ad0
1053;9fc2
1f4a;715c
0be4;30b2
07bf;e72a
0b4f;21a3
1396;552e
1964;cc3a
18fc;440e
016a;117c
1ab5;cbd9
0666;2892
0ea9;a2c4
0db8;388f
055c;1a20
15df;46f4
09ad;dec6
0041;a95b
07d4;a9e0
01c6;d885
1000;ce44
0458;9fd5
107e;5b4e
0da2;f7e9
1bdc;141b
0318;f47f
1e74;99f3
150a;2e8d
1ca4;79e7
136c;d79a
0700;0f55
0725;e248
1f1b;adae
03ac;88ad
1560;7ace
13a1;7152
185c;2fb0
06fa;2c0f
037e;82df
0182;43fc
1da4;8548
0a8e;4e7d
0e18;c54e
013d;ad04
11c2;1661
1afe;a1d2
0fc5;e6a6
1ad4;480a
1fcd;c5a6
0b01;553d
1715;e175
14f0;5794
1b27;8c0e
17a4;db16
093d;62ac
0727;d5d6
0a21;26f5
1495;c82e
001f;114e
19b8;d6a7
12fd;1151
0978;1b4f
1c54;78dd
0b0a;6a87
0dca;6b4e
1549;c294
14a5;462c
037b;ff1b
0176;9762
16df;ea3c
03b1;2712
1934;4dcd
1275;abd6
1ffa;7d6a
0df2;b4ca
1f8b;4877
080d;a91f
124a;b593
1098;015a
0d44;6313
0302;5f59
1ac0;3a47
0316;9ac9
13ea;f96b
1b3c;8589
0ddb;d90b
17a5;9e8e
0dd8;894b
161b;d5aa
15cd;633d
05d0;c1df
12d2;825c
187a;cee1
1f64;ba3e
1017;2240
1ce9;c636
1e8f;f7a2
04a3;3839
004b;486e
0877;67d2
140a;f83f
119f;fb84
00ed;3370
15bc;05f1
010a;18fd
1ff5;54be
010e;7e7b
109b;7c78
0aef;8bab
0fb2;1543
1cb7;8046
138a;5f20
1090;6264
0ec1;8a5e
0312;b393
1cbc;3b70
1df3;034c
156e;f671
1f7b;884f
1737;6bf1
009e;612c
1621;a59f
0527;498a
11da;6a34
1007;0f01
047d;cf3c
044b;ebca
1b14;0525
193a;674d
11a0;d0b9
09f3;0d81
1bf0;7c2b
0009;1044
1532;56e2
09b4;10a3
0286;faf8
126f;e7f1
02d8;b31d
072d;cfa6
1a84;039e
153d;cecb
17da;d4e4
1e8c;2ac0
06ac;67e2
09c5;bd81
109a;246f
1b73;729c
1bed;9f8c
1e68;0623
1104;dc6f
07d8;6549
0228;3215
0590;7fe2
01be;c23b
08b4;4b70
1f51;5c8f
146e;4c29
1533;516d
1ea2;266d
0917;ff2a
0647;42ab
09d9;f94f
11d7;b3f6
18a6;61b2
1c7c;399b
0575;739d
0f5b;9f90
1b8f;bd7a
0342;0cc3
05c5;a4f2
06cf;a3bf
1b8a;a3d2
1d23;9008
0d4d;7ab2
0d43;9991
04c4;9bbe
11bd;c0db
1ea9;1f4f
0dde;b8ff
1244;d495
0c3b;0162
17bd;b39f
1fdc;fea3
1b4c;cd43
0b30;9799
0e33;be45
0c03;d50e
1b39;ea8a
07ba;b950
05f8;f9a5
1018;90cf
117a;4c7f
1ff2;dc3d
1dd5;a1fc
0e48;0dc8
0b1c;0804
13e2;b820
02fe;120c
0fd5;4a0f
1f82;2473
0017;6430
05d8;c439
1207;9661
187c;3a8e
09b5;c922
0280;6a10
1db8;f4bf
169d;3f00
0d7c;9108
0101;006c
03ef;1b76
1616;1e32
1b85;2bf2
072a;c3d9
15be;a7b3
05f9;ceb4
074a;4c25
0d84;5fbe
0861;9736
12bb;fbc3
0d93;5e9c
1d4e;273c
15e1;46e0
07aa;21a4
151d;6428
06fb;3c4e
127a;dcbb
1a3a;176c
1c64;bad2
0acd;f95a
013a;3b2c
148a;5c30
1acb;c464
0139;11e9
10ba;f74f
1c60;5424
0a6c;0cc5
08cd;a3d6
0f4d;1bc8
0769;f4c1
023b;b4d0
1df1;06f9
1cf3;4bd5
0879;742c
183b;7a73
059f;29b6
01fc;8824
06f4;42df
0239;eaab
0197;1581
04e5;d838
1a88;8217
02f0;05c1
10ff;76f5
046b;aae7
1ef2;09d9
08bd;b903
185d;4cbe
070a;ed37
087b;ce19
1da1;f85f
0a75;cd1b
0120;ab88
0de0;2ea6
0999;93f7
1617;9252
12a3;792d
075d;66fd
1dcb;f7ac
1f71;f6ed
1f8d;9701
0de2;4859
0571;84cf
0734;988a
1371;b1b0
0d4e;4a53
1e06;a4dc
0c5f;4e61
090d;0400
1e33;08e2
191f;3089
1037;4e32
0e66;5d6c
1ebc;f486
1197;3a34
1b0b;56ac
183e;fb9c
02dd;5a58
0743;671d
16ba;2ef3
19b0;ff73
04ab;7826
036b;9f50
118f;a74d
1d30;5c40
1cc1;0428
0c2a;16c7
026c;f7b3
0c2b;649c
0903;4721
1a64;bf70
03bc;35bc
1a36;9e12
0969;1073
0619;4169
1385;b85f
194b;e044
1c33;7431
1f84;dc92
1f85;4211
0f53;bfb0
1f76;115e
0ae9;bc1f
0afc;4ad2
1475;54f9
0e09;bb38
0152;bede
0177;350b
0340;3932
145f;831d
08bb;fad9
1b21;7d43
1bb7;7e3b
01b8;bf4b
0eca;4abd
0abf;bcb9
05f2;a0f6
033f;1900
06ab;ce6b
0346;7d7b
142f;15bb
0f56;c7a9
04ec;6584
1148;cb02
1b45;ce5d
1479;35a4
0489;f61a
0540;2f88
1984;684a
11f1;b8e8
119e;ddc2
0ee8;0467
1292;18ce
0d9d;8e07
1547;8da6
1822;7963
1fef;7f6d
1407;07a1
1ae7;95e8
0612;8f7c
0e4c;d0b6
17e0;9998
127c;9fe6
080c;ffb8
0fc8;3d4a
0424;b6fc
13d3;3f01
026d;2c92
1143;bda0
1847;a89f
0c34;31ec
082d;9e21
0677;6cdc
0648;c191
031e;fdac
0f5a;2d3d
1b6e;2f80
0f05;ee67
1dbe;e648
1b87;be5e
1152;3f87
172b;8427
0dcc;11c4
1078;4d8b
1d76;1a21
06b1;5a25
0b62;4716
0fc3;f458
0bd5;4200
0b19;94e2
0ab7;a8ba
05e6;630a
13d5;b244
1a71;c846
1332;8f9a
1b0d;8e20
1e0f;2d43
0a09;2799
1434;2dec
112d;a6ca
106b;6832
121a;68d1
0a7e;729b
05fc;09e7
1537;2ce4
0d34;0747
1b67;d571
1ff1;aa86
1769;a07e
15a0;d1bb
01fd;db55
0cb0;792a
1ff7;be99
0187;f086
1322;a335
0015;c1d6
1597;7404
1011;9f68
1784;7540
1453;7e23
0a44;d620
161f;8f67
17e4;2028
11bb;79fa
10d9;8f08
0cca;dbb3
0e0f;51b6
1d5f;07a7
0c16;202f
08a1;248f
190e;6fc3
1c90;da45
159e;55f7
1c05;5516
0732;a338
18b6;7e45
07c4;8292
1339;c9d0
01ba;c7b7
0fd7;cb4a
0a65;bdbe
15ec;23cd
1aa6;bfe1
1751;c29e
055a;10de
025b;008c
0a1d;cf88
18aa;8846
0d18;9d30
01a3;740f
006a;6201
0ed2;395e
03a8;6c97
07cf;8285
1ee7;d926
0663;eb9d
19dd;1ba0
0fb4;a557
1aca;50fb
1393;9f68
1c98;945f
12c5;3683
0403;d85b
1f41;1f3f
1215;4fbc
1757;471e
0eb7;e7a6
0395;2977
0ac8;2c2a
1d0d;8202
1016;94b2
0da0;c333
101e;79dc
126d;20a7
1644;1d19
031d;5141
18e0;006a
1d2b;37c6
09bc;1dea
1e26;e987
0652;566d
1edb;b1ad
1928;a3a0
043a;eff3
0577;d215
143c;68e3
1c7e;bc05
01cb;d302
0d9a;71df
075c;8eca
06c6;10e5
17ff;a2df
1117;217b
0d08;5b1f
0c4c;ed6c
14ea;1451
0459;430d
0a5c;7937
198a;93c0
19fa;86b4
0c13;baae
0167;10c2
13b8;0c7e
003a;0a71
1f95;01de
0d4c;762c
0914;c4d2
0093;471c
1586;614c
0e73;c746
033b;b131
097c;8610
1500;985d
0ca8;e4f5
0c97;8fdb
1ccd;fce1
1ca8;e81a
0d4a;1386
044c;7dd2
0b48;7317
00fa;bd3c
1946;6db1
174f;fee2
12c2;3699
09ff;c049
0b03;dc8a
0ab0;1d0f
1791;878f
1243;b3fc
1189;21b1
1fca;1afc
14ae;ee18
1aed;1fc8
1528;6749
011a;b880
109c;eab6
0257;5d3c
0682;1c5f
0144;4f17
1bdf;2d6d
06ef;6773
1725;51dc
0a48;584a
092d;8564
0a2c;38fb
12dc;bc9f
1718;81c8
1dbb;c539
076e;b2e2
1564;bb0f
0b93;fda7
0827;7958
0948;9b92
0ab1;20a3
0d89;1e5d
166c;423a
0a73;80c0
1a99;88f0
193d;df8a
1580;0c77
0c8f;3b7a
0001;cf23
057a;baa6
0b4c;e7b9
0f44;5ff5
137b;8722
01fb;4f4c
1e42;458f
17de;efe1
05d1;15b6
0d17;9a1f
1d56;ef3c
111b;4631
0721;96dd
09df;c153
18ed;9a92
0276;eae2
06b8;02a3
1e21;8d80
0960;f92e
191a;a989
12c9;d28c
0604;b41b
05ac;93f9
0143;0851
06eb;c7f0
10f2;6a2d
052b;49b9
1dd9;56a4
07e6;9daa
0866;dd88
02c2;7e6f
1e90;17aa
1534;af24
14e0;3f6b
1555;be06
15af;fe6d
1c1d;762c
1e3c;b94f
1f61;d7a2
09f2;dc01
0f97;a279
02a2;4150
1de9;df1a
07a2;c6cb
13b2;121d
0a0a;fc1e
15d0;0b74
11af;27cd
009d;b5c9
1e12;b07c
1ba2;c93c
1e70;cdca
03f6;3e07
0830;c393
0cd4;231d
0e0b;8392
15c2;1ae7
03ca;1315
0a97;9333
0218;afa1
1cd6;8800
02fa;82a0
01e5;4a57
1857;ff79
0b24;8b6a
0555;5f61
17b7;fc48
0cbf;5af6
0e26;8384
0852;721c
0ca2;ed90
1cfb;6959
0bb6;30cc
1a1f;223a
1431;a54d
1b0a;7f08
0bd1;286b
137c;dd77
1447;2139
1650;4e00
0eba;3599
1ffb;35e7
1df0;713c
17f2;403a
1288;b1c5
0246;8288
115e;71c0
031f;736f
019f;1bf4
155a;ed61
0253;31ce
05d6;1497
05b4;d54e
1cc9;8671
0e5d;42d3
052a;3402
0c3c;d71a
1af0;a120
1d53;c4c9
168b;67aa
0b4a;ad13
0ebe;8fcb
0ff5;881e
16ea;d8ac
09ae;ae77
1509;953e
1365;ebc0
1f17;6be9
0e49;18b1
060f;4e2e
0b78;3816
1d14;dfa7
14f2;85f9
1905;a28b
0d37;bc21
0115;34d0
09fb;8fe2
0354;f3d8
0135;ec52
16c3;826a
177f;4ab4
033a;cf11
0131;61c8
1736;b8ff
0329;c945
0260;a51e
1b96;32f8
12a1;295c
138c;77fb
0037;0b86
0649;770c
19c7;ba11
108f;80ef
0e30;7177
04de;af9c
1bbc;66a0
0942;aa15
19e4;ab5d
192f;6bcb
1087;d698
10e5;b111
1d5b;2508
0e3a;5b94
1cc3;cba8
0b49;c424
13ce;516f
1e16;4b31
1fc9;153b
1f43;f4a1
1c97;28b6
1231;2cb1
1b54;7cb4
06fd;79c9
0c43;17b3
075f;2af4
0d52;4d20
19f5;f9db
1cc8;3624
051f;16f3
0c11;c74e
0ac4;d53b
0993;dd41
16f9;9bef
1483;edee
00ac;3d88
11e9;d62c
05c7;68f0
1ed4;4523
056a;b095
0767;629b
08fc;8d45
0d25;d859
07a1;a148
0d49;be06
1a13;b78c
0801;1aa4
11f5;5b2f
0fdf;7922
0817;aba5
0fe1;935a
136d;a80b
14b9;f11e
032e;a8e3
0443;e637
0759;41e3
16c4;c0d1
16cf;4744
11d4;c8c7
19d1;7d42
1a8b;1c56
1b2b;5c62
15a1;6ff8
1b7d;8734
1314;86ca
1c6a;7507
005e;30ab
02c5;46ba
1325;a03d
1975;140e
003c;ffb9
1062;4638
0e2c;70f2
1f50;0ed6
0a18;85b6
107f;834d
0f1f;1c4d
1f80;272a
05ab;c63c
17f4;af5f
1de0;b583
0165;0484
1e9b;b252
1032;c137
0f7b;045d
0bda;5d7b
1ff4;f9f0
0fec;0abb
1e0d;fce4
1acc;6f42
1c77;2ac6
191e;550d
0449;416b
16fd;9cc1
1c00;1e98
0006;8257
0a29;3a83
1487;88d7
07e5;4acf
1fd5;4bee
0b98;0b10
1195;458a
0eb5;7903
0625;303f
0e5f;f640
1520;44c9
03e3;eedb
0ca9;6780
1529;5a5f
03d2;6400
1f04;db3b
09ee;95b1
045d;9d77
12ad;a9d9
09b6;92fe
1124;3837
0298;7514
1e14;db4b
12ab;d5dd
0e7f;f045
0e5b;ea56
189e;516f
07ef;6cce
02ce;cba8
1342;39b5
0480;98f5
1e07;1df1
0566;9cf8
19e2;713c
0e13;ee1b
1da2;7851
1f66;79c8
177a;e212
1f16;2eeb
1e46;1590
0e89;7d39
06e7;ea9d
0c87;92fc
0821;5bf3
084d;7c33
1d93;cae7
15cc;396b
16a5;eacc
1bcc;7cc6
0910;cc1a
1679;288b
00f9;9e51
0dd1;98b0
1663;c05b
1c65;6a37
13c8;c155
0ad7;eb29
0897;d3d3
1e7a;03c0
1272;62ee
1e62;a215
0c9a;1f1e
12aa;e9d7
176b;286d
1c96;b549
061d;07e6
0f83;3ab5
1be6;d75e
0ff8;c171
1398;4e2b
1aa7;5cc7
0c8b;d49a
16ee;b891
0233;1e81
0e9b;5653
003d;e33a
0eb3;da68
15cf;04c2
0518;b1f0
0e9e;4bbd
105d;8891
1ec7;1da1
0df0;0e9c
14d3;19df
1e9c;ce54
1695;a645
0d4f;e6b0
093b;46bf
1052;f3df
0241;0ba8
06f8;0934
198e;949a
04bb;c398
08a3;a7dc
1a5c;1637
0624;fde0
083c;b6dc
0043;ffcd
0e10;2dc0
1f1e;c7e9
1e6e;8e5e
0a9c;efae
1592;c158
00ff;3ad1
0f24;1fa1
091e;3bad
0c9c;d7c1
10f4;e5a1
1898;dfdb
01b7;5b13
1137;bace
06b2;454b
0cd7;92c6
008e;b6ff
04f2;7b47
1ba1;df85
00e8;b0f4
0a56;80e9
0e62;1865
0757;61d9
180f;7a6c
06d0;0261
07a0;6d87
077c;ecf0
165c;1fee
18cf;8e7b
08cb;42ed
0ded;eb02
03f4;2016
1bc5;fb8e
13ae;0a6c
1a0e;1c87
10c2;8380
08df;dc44
01a6;74f0
15f8;213b
1a9a;f39a
15ed;031f
1158;8491
0216;7bc9
0a36;5366
1446;601b
1fd9;e865
1ded;09ed
1800;41f6
10ae;6434
1076;f2bd
1f5e;33a2
11c3;a425
04ce;1502
0021;89fd
179e;83a9
1e0b;20c2
0515;8ab4
1a3e;0cf1
03fe;4dab
1a4d;0426
1229;f0d5
17d4;1f52
19e1;aed5
134b;a473
1edc;b92b
1ab7;2f90
11df;59dd
1d83;7ae1
0cd3;f677
0027;45a0
0eec;e6cc
0fac;b30b
000e;d70e
049c;8aa4
0e6d;36f4
0859;8476
15a6;cbf1
17c5;b35b
04f4;a097
090e;c615
0e23;7679
1cbe;8b4d
1210;9f9d
1d27;d245
0dce;5fd3
1093;cf75
02a4;b183
1cdb;5f30
1b43;20f0
033c;c4bc
0ea2;d5f8
111a;ffd6
13dc;e7a1
0b27;2957
1e9e;1525
1ecf;08ee
0965;3ec0
00b6;2fa0
0f16;64cf
058b;b0b1
1e49;1760
083b;05c1
1359;f5b8
0d64;a831
1d67;febf
071f;e5ce
1dc9;a6fa
079a;d065
0621;2116
0b86;9b57
1ffd;d220
1731;11a1
0bf9;48d4
141c;9b6d
0517;383a
0892;dd6b
16c7;c537
0efd;1ae8
14ff;3ae2
0df5;84c6
0707;393f
14ce;5c3a
0723;d6e5
08dc;d62f
1641;ba34
15f4;a4c4
0d76;8217
0df3;fe0f
0a99;4680
19a4;e0f1
12be;49cf
131a;79d7
1780;21b8
07bb;574c
037f;eb1f
1fb9;00b9
1443;2345
041b;7187
15e0;faa0
0a52;5763
110c;c47e
132a;ed6f
0396;9940
181a;a2ef
0b66;37b4
1ed2;ae56
1d28;2600
1248;8bbb
1c88;b988
172d;9651
083a;4d50
0951;09d3
07fd;ca9b
1fb1;71f3
135d;3a9d
00d5;5bb3
08ab;c10e
0469;45a2
1796;bb11
1ceb;90a9
0b14;d264
1a12;25df
0a39;086d
0c4f;48a2
0af8;8247
0e70;be83
08b5;07dd
0bfe;acb1
0f48;4ae2
1538;9c35
01b6;e7bc
14cd;4909
123e;f5d3
10d4;26b3
1eac;1ca0
1079;9738
0901;7aea
0f3a;7e26
04d1;d4e5
01ac;2be2
1f2a;abd4
00cc;b95d
0a90;1f68
0a1b;d8cf
0882;4ca9
0f78;ac2c
1563;6fb6
08b1;2b56
0ac5;7575
1e25;3185
12af;0fce
02b2;ac33
1d34;6b40
08ca;1587
1eef;0362
143f;5c91
1d51;98d7
0bc2;c905
082b;16db
1db6;5b5e
149e;359e
0b22;833d
0a89;3bf0
0a3a;faa5
19e3;d842
01ea;7288
1bb6;f5f0
14f6;117d
176f;84e2
1b91;314e
1990;266c
1f8f;c6e4
01ed;aa5f
1c28;c58e
1005;0ca4
011f;98c0
10e0;ac22
18db;bbec
007f;97ea
0701;cfb6
126b;e8a8
0c17;9945
1327;bb0d
0153;f4b9
0b7e;1dd8
0524;fd9b
17aa;aa45
1a70;5700
0e11;9a98
0709;c610
0313;e132
07ce;97c0
16d0;9936
10d3;4fe1
1c7d;9bf6
19a8;8cdf
148f;bd1e
1fff;7e0d
0b8c;8f37
0470;8eaf
0222;260b
07b4;d75a
14d7;7b14
0b9d;5b33
0585;0c98
17dd;533c
1a0b;9d41
0e85;801d
1ba4;742f
0296;4580
1876;9f91
0712;fac6
1673;350c
0878;af89
05c6;05ad
00bb;2396
18ec;55d3
1b66;f097
0d75;9f3e
1ef3;1b9c
0e14;440e
1c5e;0796
0c63;53f1
19a0;f0fe
126a;0536
1601;4bae
01a0;82fd
0088;5ad9
1fc4;cf27
031b;03d4
0d5c;8937
10a8;b564
1470;31d2
0039;cee2
0733;d9f4
030f;2eed
03ec;82c9
0d63;80a0
0b0b;a797
05ca;118e
0b17;7d4e
1101;665a
047a;b52c
11ae;33a1
16dc;1075
0626;a65b
0ac9;ed42
0020;7cb0
00aa;7e5e
15b4;2328
1f6b;2340
1b17;0004
020d;68e7
1429;f5f8
1fa4;23fd
1110;6e25
102d;7664
0080;f594
0a63;ac82
1236;c3b4
0be6;b4cf
1425;19b0
05cd;d3bc
104b;614f
0060;cdca
10fd;2dc5
1502;7841
1eba;0e83
19ea;ab48
1ce6;c088
1d5e;80e3
156c;9a66
029c;1fd4
1e9d;6fa1
07af;0ad8
12ce;1c75
0ec5;6a99
1f26;b0af
0b6e;0a3b
06b7;5f77
0332;752d
08d4;1744
16be;ca81
002e;dfe1
1b58;4128
1b19;e43b
1a53;0a5b
0ee9;06db
0d3d;790e
0d19;7a61
088e;bb86
0a80;4526
19c1;7232
0cb2;452c
183f;890f
0b97;2196
00f6;2820
186f;2209
17bf;fc35
17b6;42c8
0edf;7f01
065d;af52
169e;2b3d
12eb;cc14
0690;ec6e
1903;a57b
1dba;8a38
1e4c;ea4e
1eee;8ce1
1bc7;0089
151e;421e
0cfc;5ae0
18e6;1d6d
18c3;db49
1e0a;97a0
0133;71d3
005b;2128
1abb;43e0
0cb9;2c8e
0a2a;469b
14e5;ee04
0c68;44ad
109e;a95f
047c;2c78
02cb;2759
1c61;0826
0a2b;4b87
1b0f;f3d2
0768;4ff7
1c8a;1f5b
02fb;91bf
186a;5188
1313;5186
1b3b;3f6f
1768;0ac0
12fa;f029
0a8f;d3c1
110f;7276
185a;48c1
0137;d021
1067;813f
14ec;c677
026e;cde9
163c;c96f
0c08;b484
19c0;1b3a
0485;8c0f
10ac;3652
09e9;cc11
19c6;eefc
083e;15ea
0b87;b1ca
0479;f140
0997;292c
18e1;a818
01af;97bd
17a6;d29d
07b2;6a06
1841;fcfb
0c69;050e
09b7;c3cd
1285;4922
1e69;55c3
04a2;d00a
080a;fbd0
1d4d;86f7
1182;5374
11f3;50e4
1321;cfb7
1eb8;b88a
1348;1143
134c;d9dd
093f;0bcc
160e;9d29
0af0;215d
129c;947f
090b;e5c6
1fd6;9e0d
14a6;fa7a
1700;c284
1233;c27e
1fdf;c963
00f7;2c88
02d4;7687
1915;0455
0600;a1f0
02d2;f1cf
1626;9f80
1cda;5135
0ec8;d174
0bd2;2f82
16ca;7170
07d9;d132
16fa;1ef4
1c4a;30bf
04e3;73b2
160b;e89e
1f20;6a2f
0411;3393
08da;39b3
0235;18d9
1ac5;e49c
011d;6b03
08ac;4dac
170f;4220
07b5;610c
132b;dad3
093c;19bb
1506;a9e2
17d5;b333
0a81;b8ba
131e;c2e8
189b;5426
0ed6;96c5
041f;7cc4
1fee;1a79
1e03;065e
07db;77b3
0586;3a91
1a9d;bc2e
1da6;60f9
1f3f;808f
1a81;7fc5
1728;fe6b
0d8c;3832
0ae5;3e79
1165;695b
15a4;24d1
1d5c;4a70
16d8;1b65
00f5;1810
1178;bc06
180a;3d12
1b2a;983f
092a;2327
0c35;4999
115b;4b76
0f6c;e4ed
1058;b0bf
0cd8;53a8
029e;6592
03ae;6f8d
124b;9053
1fc7;e2c9
1ba3;6d03
0341;9c54
105f;95ba
0c5b;6a73
0018;4cf2
0f87;736e
1d46;9ae0
0696;6bc8
00d6;0779
077e;7942
0905;99da
1f46;42e6
0c2f;cd03
0d80;100b
04df;17c9
06ba;d032
0247;5cc4
15f0;15ee
0b20;d322
0380;67f3
19a5;5410
0636;4b2a
1247;d63c
06e3;a71c
1782;6352
0746;678d
0023;01e5
0758;6981
1536;c5d9
1328;37a0
0808;beff
0472;9d51
0c8e;85ff
1e8e;7815
0cec;6999
17e2;2afd
16f1;33b3
0fa8;9dab
1598;d16e
1c19;8ad7
16b7;6ef2
0e3d;4a7c
19b2;0ce5
0195;9ec0
02e7;2d8f
1f08;29ee
1935;426a
15bb;1fe4
155e;e809
09dc;e397
1c0e;84ec
1606;556c
073c;e796
0a9f;79af
0cfe;5bc4
0389;051e
1824;ab5b
06c4;fa27
0c6e;1e92
0ed7;da2d
1436;afac
1296;2423
0f46;57cf
178c;5939
1406;289e
17ee;aba6
10af;f7e5
0bc6;dbb3
1c2f;1a7e
15d2;a178
17e6;3576
0596;de95
0e4a;84ee
17e9;0903
12d1;25d4
0d7b;4bbe
0657;fab5
19c9;6210
01ee;4b4d
1fe1;141f
08e6;6e8a
1fd0;7cca
12f3;f41d
1200;97e5
0766;b8e6
00a0;dd47
1bc1;aa28
0d69;9495
1d90;2b52
0467;4939
08c6;0384
154d;0a87
066c;34dd
16c2;a9ce
0780;7836
1b06;d0d1
0900;b489
1b15;da1b
1951;5867
0552;1efc
03f8;6e25
0279;28ab
068f;a93a
10f1;ea83
095f;6903
0dc9;6c73
0344;da02
00a3;d61c
1be2;e2d4
1811;8caa
0bb1;c2ca
00e0;28dd
1bf8;f0bd
0aff;17dd
14e6;828a
113b;c982
0eae;d336
1627;821b
057d;db4a
08e2;863a
11c6;a3d8
0f2c;8213
1063;8e36
0589;8a5b
1892;885f
013f;af4f
0b21;1d2e
097b;3d6b
1c34;3191
15d1;b6bb
1ee0;36e3
15ba;801d
0d3b;2b0b
18dc;f325
0798;6e89
1c73;4017
1b3f;e843
076b;f6b4
16c5;9b80
1218;c2d4
1ee1;9d3b
06ad;4f15
10ec;6004
060a;ae5d
1e61;985f
162e;8c19
178e;9dc9
0ac0;c4fb
196e;33ff
1b13;e67e
1e55;e74e
1681;3aa7
1963;ae47
1222;489f
06db;c5cf
1a6c;7e34
19ec;4713
07f4;0e2a
0c7d;6589
07ac;d7a6
12d3;b534
151a;af16
1ff0;f4db
0c19;6526
1936;a0a6
1f37;20e7
171a;085c
14c8;9d48
090a;0339
002b;cea7
0437;89b9
09dd;d49e
1c39;3ed9
01ad;c1a4
00db;77fb
12d9;64d5
0089;4593
0717;2f2a
0925;8c5b
0267;9e90
18cd;426a
0549;9f23
0f27;160f
1877;643b
1eec;948f
036e;2b46
14d2;bfa2
1f8a;4ad3
1d1a;7c95
0337;4c9c
0ccb;cc0a
1df4;3efe
132d;4f82
01b2;ea3e
068b;947a
15a2;886c
0f71;04cb
04c3;7396
1020;8b1d
13f2;73ca
14b1;8491
00e9;62bc
1665;3d27
1609;f997
1341;d964
1f1f;92af
023c;bfef
0a4b;bf78
0cc7;855d
1468;648f
0d9c;1597
0455;67f0
0f02;489d
0cdf;0b73
085a;1489
1082;0690
0f84;7b1c
022d;ff59
0583;81b9
0ada;4a00
161a;3194
01ec;d676
1e7b;e303
1088;1662
06e4;52e0
0ee7;ea5b
1e37;9778
0061;5cc3
0ccf;e7ad
0386;28a0
0ebd;5e69
1558;7c62
138f;cbf2
0bac;c973
0651;005f
1e0e;ce2e
03c3;a5aa
13a5;ae80
0171;99d1
14ab;4781
1466;0088
0ffc;4659
042d;b7b3
176a;914d
1e35;8c77
1c79;f81b
155f;ed14
0438;dd23
1d75;0b0e
03ba;629c
1e28;f785
1e2e;2e73
194d;53c9
0dfa;8418
0954;ee89
0e8d;2153
1e87;e376
1ebd;dd5f
11a1;d6fe
09b8;ef98
022e;9bb2
1381;9ef6
01a5;c421
1080;5edb
0927;7a57
1d01;1267
0e51;a21d
0fe4;10b2
0311;dcb1
1722;acd3
096b;035d
1304;e68d
0f79;c102
188e;65c8
0908;9482
0e76;fd8b
1241;eef3
1a69;2345
04f6;1861
0b64;7915
0bc7;8f6d
1186;3498
1440;a020
0c72;9376
11e2;5257
16b2;87b9
0feb;b8d3
0c50;2346
0a26;da73
079e;f382
1524;2329
0dc2;7c92
0fed;95cf
0825;2eb5
1994;1ae6
1c32;e13f
0270;71e7
0209;f7c6
1c11;1b68
0362;17ad
0b0f;cfc4
0c1a;8dee
0cae;acd4
06bd;1722
0b0d;60f3
1fac;3757
0d66;4859
1786;05f2
045c;d14b
1e3f;a85b
1430;7491
1d43;6f6a
05dc;5260
113c;35bc
1b25;8085
0acf;44c5
1382;505e
0095;f882
0f0f;fbe7
067c;7118
03b8;3c9d
0656;8e9a
1fc0;f19b
0d0a;c605
173a;1f1a
08de;aead
1a8e;caa6
02b5;123e
0208;51f5
0639;fd9b
0dcf;a476
00e6;09ca
1cd3;148d
120b;83e1
021d;a102
06dd;0dde
1864;5f12
17d1;098f
110d;715f
0db1;d650
0536;6fcb
0492;b607
02f9;02b3
1e53;b6bd
1bd6;4a85
1344;8798
0bab;4777
1f8e;30f6
0824;c3db
1014;c1fd
02f1;5b1a
1250;fb09
1008;9f77
17c4;f29a
1209;ebad
13fc;30e4
019b;e50f
09bd;b850
1c87;cfda
1855;0636
014d;f571
0b2e;a261
0071;870d
1e40;df54
1d1e;cd1b
0ed5;b690
1668;e801
1588;c58a
0c1b;bb28
1ec2;7d6f
1ce1;3cd2
05de;7299
0350;097b
097d;7bbe
0b8a;a6f4
119a;72da
0ff4;bd69
1335;0a13
108e;5e6c
00d3;ecf4
0bdb;9438
0d94;2e3a
07b7;a5f9
00c4;c923
130e;8281
0219;8e2f
1af8;5e9b
0cb5;f1d7
01c5;bf37
03e4;f04a
0d6a;a23e
1b26;1f8c
1445;4e18
1b89;0dc8
0875;efaf
0452;1cff
1e2d;3b02
1012;08e2
0c89;e4a9
141e;b27d
1eb7;5df9
1d7d;7f61
1848;2e5a
0df7;1471
0beb;87cc
07b1;6cb2
05ff;912b
0dd3;2e75
0912;b66c
0633;c930
0368;ef0a
0bbd;2ffc
1fbf;18bc
1962;b5e9
12ac;bed8
05e7;63b8
066e;f36c
158e;c083
1993;5ff9
017d;190c
0cab;931b
1f79;d36a
1103;c76d
1176;f805
1cd9;20b2
1b9c;d233
082f;fb10
13fb;da07
10c6;1a9b
18ee;92a0
0c0f;b30e
0e24;550c
11ce;96b0
02d0;38d9
0738;5450
1e38;9910
1980;a0b5
09fc;bdb6
03c5;1fd4
1618;063b
03f5;8cdc
1c59;3759
0215;e195
005d;5151
0ae8;a7fb
1dca;603c
1565;1865
0a7d;9079
1a6b;981b
0d71;3d22
1039;8a34
14dd;d160
112a;6fe3
0b9a;96a0
19fc;fbdb
0a43;5b61
1729;9f8c
0e46;1a58
0085;76cc
1043;2564
0e7a;2634
0fa0;9ff8
0be2;d462
0491;fcfc
1084;65de
1e5d;c64e
1aa3;ec7a
1f36;e48b
18be;5671
15e5;e3f0
02e5;8865
0fea;ad09
145d;c81e
1828;fd79
196c;c13c
1e39;a854
1d24;9394
0025;45ad
074f;27eb
1ec8;3a47
1228;2976
00da;a3f0
04fb;9280
1b4d;c82b
1747;0041
09f8;f826
099f;4e1d
06e9;6283
0847;be33
006e;902b
0573;1a68
14d1;6bab
1ab0;b0f6
156d;e418
1df2;3231
02d5;d098
0fae;fdc6
11b4;9d4d
14e9;3092
065f;3048
0977;48ae
0236;1f72
18d0;b3f5
1f83;56b7
0f9f;b686
0ea8;1abc
1d8f;53e6
04d3;ad04
0322;aa9b
0a94;47e8
1777;931b
0d11;b745
1174;c20b
0a6f;5adf
1db1;30a1
15d7;0d0b
19fd;2a98
099b;a8e8
1fa2;0145
0d0f;2563
034f;9555
0f33;e37f
0237;29ba
1522;3b8c
15ee;c303
111e;1f3d
1f63;c5e6
1c29;3d59
03da;5b04
056f;430a
1312;9ac7
0038;155e
1364;244c
064e;91c5
0d70;0ffc
11c9;ab0e
19cb;2f62
1511;99bd
0c33;6fc5
0be3;3c7a
0df8;a69f
110e;4b26
058a;dda6
0102;16d2
033e;5d16
0429;4184
0fe7;4ea9
00b2;eadc
1b3a;45aa
0a4c;b224
11c0;be28
1f90;a62a
131c;a2cd
0b34;dbaa
08ce;ba22
182a;2da8
0465;1bd2
0393;1bc6
130d;d87b
16c0;243c
05a7;2273
1ce7;13fa
0e60;651c
0f37;56bf
0d02;b964
108c;24a3
1378;0a65
0c0e;17d5
198d;060e
0147;af3b
1237;9c36
17d0;3547
07ec;59d7
1d10;9516
0cc4;9409
0453;6336
11b6;7d20
1282;9406
14c3;e1f6
040b;3a79
0c54;c99c
1925;3656
12ca;487d
09ce;fc5c
0d50;d04a
0405;e8c2
17b8;da72
18ff;9bb1
0835;5782
06f7;c7bf
186c;9bc2
1706;ade6
07c5;d9d7
0fb0;6b74
0ae6;6d67
1179;a3b0
0904;f030
17be;1f8b
07ea;7ca0
0cee;85fb
0e59;2691
0748;25a1
0273;953b
1cd2;14a2
19e5;c2b0
1006;fe60
0e22;66f8
09da;9e5c
1478;2fb9
1b95;dd66
184d;e52a
14ac;224d
0087;08ce
0b53;0cb5
0f6b;877e
08c0;a51c
1e32;fd55
0af3;14e5
0ad5;ccbb
1a4e;a123
1884;337b
1455;1cc6
1ef6;495e
0869;2134
04d2;28ef
03d0;2a62
04c9;84a3
143d;0fc8
1c51;6cc8
1cbd;fbd9
1b72;e4c3
02e4;d346
1e1e;41ca
142c;6c7d
0a1e;ba80
0077;ce0c
1aa5;f0a4
0bdc;c949
115d;b3c0
149c;55a0
1669;1368
0dbe;8ddc
1a0c;7497
1a9e;e300
1d2e;6d8a
1d79;ce26
1d9f;6594
1c1a;fac7
18c1;7859
13b7;6485
038b;872f
1a51;18c0
043f;f590
0f74;b3f2
1303;15d7
11e0;7efa
1268;191c
0aeb;4ceb
1dd0;3e0a
0e04;73f9
0dcb;15b5
0b55;b0cc
17a9;498c
1e3a;bf84
084b;11f0
1fab;d7cb
1de5;08c8
0e05;ce11
0ae0;813a
086c;b710
17b0;e183
087e;1f0c
1b57;5022
1caf;f761
122c;48b4
0f57;553c
0170;0eab
1d62;b9b4
1b1b;0f21
178b;e2c5
04a1;8dc3
06b4;c4a8
0400;a318
0e67;f971
1361;eed1
11a5;9b76
1572;e23f
055e;5768
0eb0;3b22
187b;2d07
1c37;5fc8
1362;9cb0
045e;967e
1cd0;91b4
18ef;1599
1c1b;f971
16b9;cad2
1e65;5239
0996;b907
07f2;1d81
1eb1;0444
09bb;c866
0984;4078
1710;dda8
0a5f;308e
124c;382d
18d4;5d04
16e7;d9ef
0bf5;6e8b
1b38;7c95
105e;d07f
0883;bc1d
0ef9;9177
19e7;c6a9
1286;a3e5
08db;6d8f
157c;962c
1778;5846
0d6e;781c
1da9;5343
0c71;1fd3
16da;b669
1f19;d098
1cdd;edbf
1252;e9ba
0b40;869f
130a;2a2d
0b77;d45d
020b;68a8
0221;5f18
05a1;aa24
172a;49d5
0d33;7aaf
084e;7954
1540;7940
0af9;34f8
0678;1b82
169b;860c
145c;2dbb
13ef;1a10
0bb4;9612
0034;3e98
0eea;74c0
04c7;96c1
1686;23d0
14dc;750e
1a08;13e4
1a23;0caf
0c25;df81
1e81;ada7
17b9;1bef
1096;de7c
1399;8110
11c1;a89b
0ddc;ab14
03b0;9356
0b38;d6c8
02fd;1bf3
195f;3a6a
05ea;3177
096a;235b
19b1;7725
1de2;a952
19d8;c611
123a;0065
0c75;4625
0f91;bf01
1bbd;86f1
14d4;0152
0e96;79b3
0dfe;7789
1368;6931
101a;c8c3
05a2;0b8c
1d77;63ce
0f13;f71d
07bc;a7f8
1aa9;8499
08c4;db53
1dde;b230
1f1d;04ac
199f;db77
0fbf;67e9
1e00;a804
05c3;9e87
07f0;5e7a
1838;c223
185b;7992
0899;2673
1770;78e1
0880;64f2
1a6a;b18a
0eab;22c2
00d7;fc8d
1f9e;2c4f
1914;ac49
1629;d2d0
0541;debf
0689;fe20
104a;1e66
00d2;4696
157f;91db
112e;9ff3
1642;7ba6
16a1;06fa
1010;ea2d
06aa;59ec
1d20;6b82
190f;d292
1652;2f5b
0a19;80be
1a63;68d8
16c6;2ff6
0814;35ff
1ee5;f3d1
1bc0;00ec
0397;89d1
1d2a;e7af
0b6c;9a5f
0ba0;7bb9
04fe;958c
05af;b521
17e1;f687
1257;b60d
0b82;c250
1821;21dc
07e0;225c
00d0;437a
11b9;5a9b
09ab;bd62
0faa;9a3b
1aab;167e
06f9;1f7a
04d9;dcfa
0224;90b0
1114;d1f8
0be5;a1df
0bf8;a19b
147f;bdd8
19cd;e819
0ffa;b936
00b0;3b48
07a8;fb49
062b;a1de
1120;b41b
0bec;6c47
19c3;aaa5
12b6;bb4e
08d6;8eaa
11de;364b
0028;8c9c
17d9;71ce
1e6d;af90
0f82;dbc8
10e3;18c9
1d71;0d20
0c76;5a44
08a6;9209
19b4;bde7
0033;a1b5
0335;3f5b
0af2;2f5c
0d59;8a3c
0dd4;c199
1945;ea73
0181;c5d1
09a0;d800
00a5;5de4
1af5;7d5c
106f;0085
00a1;f5b4
1b36;fe4e
0711;b7e6
15ef;f88a
03ce;de85
1094;b09d
1531;68a4
0dfb;0a02
1e0c;142b
0fb1;efc4
06e6;1f87
1c62;9555
1da5;1def
12bc;c4c6
15ea;4a6f
14b5;f5ed
0806;a5d3
1a5b;3bde
0ba4;d64d
0502;e4a2
1a90;e7f4
025c;f185
060d;a035
09d6;2d8d
0a13;24cd
1830;bb56
1c8e;715e
1958;99af
1816;0dac
0a23;f5d1
1530;3582
115c;c13f
1e2f;cb18
0ce9;25d6
0964;b4c2
1977;b59a
0a47;daef
1ce8;9596
1fa7;6ff1
09c2;a045
10b6;1c77
044d;4ec9
07ed;0f28
0343;a3f5
1d25;1be8
0860;04ab
0fb9;577c
0419;e59c
085f;82f1
0d24;f982
02a6;2845
1c45;0d59
1d3c;cb78
0cc1;5660
171b;f0cd
192b;f1cf
08a8;89fe
1614;871a
0b70;e03b
0ec6;2b50
1eb3;80f2
0383;540a
0ee6;43f4
1320;cf6e
1343;b780
04b5;3f25
1e91;fa89
1a19;259f
0e98;69fb
1a7a;2dc9
045a;2e85
18f1;674c
103b;8151
08ea;eac0
016e;dca1
1843;4b87
1212;bf67
1a92;7db3
1f9b;a257
1c9a;83f9
054e;4273
1fcb;bf94
0593;a099
114a;ce83
1829;1d7a
1a7f;620e
01bb;9488
10b0;8c3f
079f;97bb
149a;52d0
1baf;943e
0fbb;6191
0a61;df24
075b;67c2
0c81;5dd8
149f;fb78
06bf;1e4b
0352;adbd
1340;5053
0622;3c54
13f5;ccbc
1b12;60ea
0873;2096
1ba8;2da5
022c;ab80
0740;8100
1b29;0484
05a6;4d9f
1123;7dd1
1ab8;bf4f
0e27;8f14
0963;faa0
0f85;c7d5
16a9;f96a
0f59;e30d
025a;88d1
1d5a;5fa7
112f;13ea
1720;172e
1810;79b9
15f7;9568
1803;7a8c
0e97;3d4e
03ee;fafb
1185;5c8a
1c63;b535
17fd;159d
05e5;354b
1ed0;c3e1
0a8d;4512
0560;b667
0185;176a
0e71;6f06
0d1e;8a4c
1787;1d4d
0310;6e34
0786;ae6f
0854;ae71
0ba1;8a8c
196b;6ec6
06cb;ece7
1e1b;4b23
0361;9b93
02a0;a21b
142d;0420
1939;a37b
127e;80bf
10f9;a683
1308;6f46
0673;36b4
1969;41fd
0314;9567
00eb;4b40
002f;d23a
0510;4d7e
15c7;f9ec
01e8;6a1d
079d;5832
0064;638d
0803;7d90
08f6;6288
0c02;2421
0e16;6f58
11e5;69b5
141b;6cae
0578;72ca
160a;73c8
1fd4;c485
10a1;f8b9
0ac2;c403
09e4;9293
0adf;bdbd
0402;8245
16f2;9c91
1a47;5ba2
0f50;3924
0c83;0dea
18d8;e2a7
10f5;f2a8
002c;3a8b
0da8;809a
1921;52d2
143b;9a12
0a6a;90f0
0e68;4423
0412;c435
1689;3286
0a22;1f0b
03db;f557
047b;400c
1bee;ebc0
1651;aa71
1f94;3613
0846;c483
0b5e;67f5
15f5;4569
150c;9180
01d7;608a
0d85;189d
0891;b4e1
0a17;42bd
1294;e3c3
0e78;63e6
18c9;811e
0451;3e6b
175a;1e98
095e;2be5
1930;fb05
088d;f8d7
1e94;1b92
0952;a122
1a4b;7a63
0f60;e261
1d91;84fc
1fcc;2398
18d3;2df4
12c0;e602
1b5c;4df9
17ac;8771
0627;dccb
0d6c;dd0f
187e;0598
0a86;9213
02d3;3332
1aeb;62cf
0564;3a08
1bd8;574c
068e;bd40
0ffb;38b0
16aa;3ef8
179f;08e7
0045;e2e1
0c23;94a0
1c4d;357f
1885;d7e9
1172;5bd8
1670;2431
0e38;c5b1
0bcd;a66d
1887;2340
08ec;8ccb
1d57;029e
0ae4;4e49
0f89;91fa
1c0a;daea
0468;0cc5
0146;a498
0c9f;a677
0c59;700b
194a;e93a
04c0;2079
1f54;4280
10f8;9fe5
12e7;d0b9
0a79;039b
1abd;4e90
1038;9cd0
1289;3e9a
07f3;02c2
17ca;bfd9
07ff;a03d
08bf;fb0c
1bd0;acb4
0f5d;4aee
1929;a44e
107d;6e27
1d8d;835a
1b86;0d6d
10bb;6fd1
0f1b;1433
02ae;72c2
1051;4de9
14ad;aa89
05e4;fe37
0271;8488
0de8;5f72
1347;59b6
01cc;2424
1895;1e27
10d2;23b9
0b5a;a359
129b;763e
1c53;1cf2
032d;124b
1219;89b1
0e0a;6f64
0545;cceb
0c3a;6b04
0164;ed1d
0a10;35a7
11fa;f671
06dc;8249
0440;d228
140f;55ab
1acd;5c6b
07ae;b98e
04a4;ce2d
0d38;b591
1fce;d65a
05eb;5f7e
104d;8f2c
1171;c2ee
18b8;b4af
0a33;088a
0b94;689a
1f62;2fbd
1358;1f9e
1775;752c
1624;28b2
02bc;2056
02a3;b41d
05a0;70b2
167e;197b
03bd;1d5f
0c22;ed95
19fe;0670
1d04;e661
0ecc;3f36
0728;3912
0665;4608
1162;83d9
146f;c006
1590;7513
1e31;8289
137d;940d
18b0;3b0c
1ad6;d2d5
0116;5078
18eb;5756
16fe;e3cf
17f6;7898
097a;e7bc
11f2;9985
021c;764a
0adb;d694
057c;dfce
1ec6;deb8
0d40;5013
0b75;2937
189a;3d9e
00af;6292
18d9;d8b4
1dae;83c7
1472;1c7e
117e;4133
179a;b952
1214;a579
1194;64ae
0226;01e8
0030;8f51
0efc;7610
1ca5;a198
1b5b;bb57
021f;3bc7
094a;1070
0ee5;8204
118d;e4df
01b9;ad67
1402;5857
033d;66a7
0c6f;cb97
1677;9806
0582;172e
0de4;b3e0
1d02;1629
09b0;8a60
0812;2e5e
19ab;7a3a
1779;a359
0eb8;b405
1cef;14a2
1a22;9b4a
0dd0;cff1
0042;5ae9
0ba5;4585
0dab;2404
1bfa;dfc4
17e3;d294
0981;43e0
0ad0;c45e
072e;370c
1c41;93e5
041e;1873
18bb;3eb7
0826;46ab
17d6;8848
0788;365f
0a64;d73d
0d00;d09e
0ed0;5ec1
1e60;0a5c
02da;faa7
1255;15e5
0602;3b07
0ace;1b6b
05a4;9388
1ae8;48b6
048a;bf86
151b;9f56
1840;c418
0919;a2f0
1b4f;2be8
1424;0408
0588;9db8
184c;840a
17a8;0168
1694;81ff
0509;5a33
0b08;95b5
0d72;ec33
15bf;4fac
0a04;0313
1940;24cc
123f;11a7
1d3e;fbf0
0183;07ab
03b9;432d
1a67;79fe
14fb;c1b7
10c8;d6c0
0d99;cd14
0975;9e08
0036;d98d
1932;a117
027d;c516
1e6a;13b8
15d6;96c4
16bc;28d7
057b;5f4c
0ca0;6943
180c;9b74
1602;3ec3
0d2a;61db
1b83;4a49
0ed9;792f
06fe;713d
04e2;b861
1a4f;937e
0e01;a7ad
19a9;026a
1b94;6f0a
1603;97a0
0e4d;de3c
1f13;0e87
0628;97fe
178d;0cea
1f07;3e65
11ec;1202
0982;6bcf
0ea0;69d8
19a6;64a5
0490;a8c2
1cae;dda6
14f1;efd1
12e2;574e
1f42;04ae
1d86;2d4a
14c7;87ca
0374;bc76
1543;0495
12d6;eaed
1271;c8fe
13cd;2b7f
15a5;d3f4
081b;ddc0
04f9;4e38
053a;8ecd
1904;bbc5
1923;2ca6
0705;5a15
1e04;ac67
0b9e;c504
19d9;36af
19f2;d9e3
1b03;f1ce
01a8;8cf2
1cd7;3592
0b32;6ba6
1f4c;657f
06c7;9c43
1a58;9143
1de4;c8f0
0fe3;5b1d
13bd;0900
1eaa;5e37
152e;f787
07e7;e700
0d7e;58bd
163b;d2dd
0635;2897
1587;0166
16d5;ddc8
0568;c67b
06a3;3537
0114;ec08
188c;df98
0f49;41fa
01dd;77e6
1a24;ca92
069c;b961
04ee;0e14
1988;0fa9
03d5;c0f2
0108;76f0
1d4c;7047
113a;87e3
01da;ec11
114f;3e38
077d;7d1d
0202;707e
0623;0d81
150f;5624
10fe;9fc0
0319;162f
1460;0b2f
13bf;10ae
0486;eb6e
08aa;6dbe
0e2f;5a27
0884;0b31
03a5;1074
04cc;5a79
070f;2147
1b1f;c4c0
1cf7;1133
1f89;4b81
0794;22c9
1966;0418
0504;f0b4
14df;e0c4
010f;83e2
10cf;843e
0dbd;dc1d
12cb;ee87
08e4;36e6
0530;8556
10eb;d53b
0230;08e4
071c;9e14
19a7;8969
0dff;d778
196a;d6be
15ac;8aed
0640;7a6d
01f6;954f
1c58;d918
1412;9920
18a8;cf59
0d14;9974
0e8f;34b1
01e3;a86e
16f6;9a1d
0220;1ff5
1cf1;4bd5
0e31;69ff
1367;f34a
12de;d94a
189d;0b21
10e4;0c5e
0a34;5c48
00ef;999d
11eb;ab28
0b5d;fcf0
0330;c464
0dc6;e752
1394;2548
11bf;fafe
0466;9422
14c0;5f18
1abe;57d6
0127;0327
0762;7a7f
0c6c;2fd9
09cb;c97b
050f;3d92
0729;d3f0
0730;b003
126c;cd88
027e;ddfb
0f10;071c
043c;e11a
1cea;5c78
03e5;bbb7
017f;01ec
06f3;04e3
0b04;eec5
0b7c;aa4c
1afb;f725
0315;9930
1184;9ddf
012c;5789
0e54;00e5
06ff;56fb
08e1;4974
0e28;60f2
0ccc;cf54
1089;1d6b
1d63;b6c2
115f;fce6
1aff;3fe9
173f;e0c3
1a94;2303
1a9c;8c8c
1d3a;1e5b
11a7;734f
11cb;cf73
01b5;9abf
01c9;6335
06ee;89d6
1f48;b115
1b68;783e
0865;9a66
06c8;d1d2
0f1c;b3cf
136f;fc14
166f;d774
14e2;a027
0797;9d19
08f7;1084
00bd;3019
070b;a48d
1cdc;6216
0915;3401
0d2c;79dd
0643;f880
17af;f5ab
0010;dd80
0e37;8c27
1ef5;341a
0416;0187
0af1;eaa4
17ea;3d1b
010b;a648
00f2;64eb
10dd;5989
0ec4;d16c
0e64;8f9a
1bea;13ff
1a1a;c62d
1ea5;8ea6
1674;9f00
1ef0;778f
1767;57a5
1457;cbe3
1fb0;d473
135f;6ce3
0387;4fad
08ef;18d4
124d;611f
1a37;e30c
024c;853c
12a4;8a48
1eb2;978c
1115;7acc
06d7;6a7e
06da;2b4b
00a4;cb34
0c74;10c1
0cf4;950b
02e1;0e5a
1a59;ead7
0d1f;46ff
127f;ed7c
0193;3bdd
0a3c;efb4
07bd;0964
000a;610a
13b1;0eeb
1873;31b1
0274;7737
051a;f737
1954;9b8b
1417;d240
1c4b;4806
19c4;42f8
18a1;68b0
15ff;219c
091f;8053
14c4;d4c7
1e7c;a1c7
179d;c357
18e9;7c26
012b;0999
1150;8a2e
1e66;ae1c
0994;2dbe
0c27;73ff
0090;57e8
14af;27c2
0810;fdfa
1afa;8122
1fe5;6cc2
0ab5;aa6a
0bbf;3c87
15f3;b186
05b8;b59a
1458;0a59
15b0;ce66
18e8;6cd4
0d81;7074
1c0f;11f4
0d8a;0d7b
06d5;d495
139d;f793
18c6;a5ba
053b;174e
120c;6786
1280;7cd1
0650;b8c7
0158;aefc
0db6;f04c
0787;4c7c
04b6;a4ea
1852;7cc1
0f6d;eaa5
14d5;6de2
014e;a4d3
0b8b;8df5
1151;1ff8
1d9e;e0a2
1d41;75f3
09ea;5733
054c;db6c
159a;04b8
1fbb;ac28
1b28;4c80
1b52;abbf
0297;6deb
1160;de96
1a78;ade9
0338;5bdd
10f0;299f
1c6b;694a
0922;292a
0713;3483
0985;524f
101f;86b5
0d7f;a6a5
1947;d320
01e9;d672
1a16;c38f
1869;3daf
19c8;1847
0148;8a97
0a78;33a9
137a;4fbe
0672;a47c
1318;8965
11ea;c460
0eac;579b
11cd;7912
085d;e64a
11b7;9d14
157e;15c1
0792;1f36
0a1a;a307
1df6;e157
0d60;33a6
0efe;897d
0254;ce29
0cdc;0802
1fe9;3620
13a6;0219
1de1;94b8
08e3;62c3
0eeb;6558
0444;9eaf
03b2;d943
0a46;8152
0726;86cc
1334;0afd
12a2;7f68
0bfa;4dfc
1e75;7247
17a3;889e
1d6f;361a
07de;eb5b
0323;54b7
1489;0257
1d4f;07e4
03b6;abdc
1917;32c9
11e6;a8cc
1b70;d2b4
0b7f;08d8
07c7;0ed9
190b;9120
0d45;71c5
0b1f;5739
1e6b;57ec
1279;fca7
0f26;4404
1d59;7ff1
1002;d099
1dbf;a67c
1102;e45d
0404;7cf6
1297;6f34
017c;1484
17fb;f5f2
1302;0f69
1e7f;9484
1095;77ae
05cf;df51
1173;afc1
1501;e166
1596;3733
05c8;54df
0d8d;f5ea
01d6;638e
10b8;3229
1883;86be
1f3d;a930
1ed7;2c1e
15dc;b07f
1b33;6656
1f0b;e5f3
0565;6150
0d88;f97a
1be8;0421
08e9;8fe9
0902;1ee7
1c36;25ab
0af7;7b7d
1fb8;fcb6
0e79;f650
026b;c229
0529;220c
07d1;8df2
0b69;3bf8
1b64;5ac6
1bc9;b581
1795;623b
1a56;bb80
19f3;a6db
122d;887c
11fb;04b2
0434;477b
01d3;8d45
01ab;3875
0556;d9b1
0e1e;2770
04b2;2b5e
094b;1691
14b7;e8c9
040a;40cc
00c9;f26f
0715;9f06
0773;f96f
0ecb;0791
1345;0ddf
06af;3ac9
0d58;b1fa
16a4;02ae
0c4e;1da5
0157;5f96
0e86;18fc
1749;efd2
12c8;bd0e
03bb;54bb
0920;2a38
1c5b;bcb7
080f;0a3d
180b;85b5
1ab6;5d9a
0e4e;2dd1
0849;9cfd
146c;f05f
0764;4649
11e1;c899
0481;dce5
13f7;23f1
1b8b;ab40
00ad;5601
1eb0;707b
175d;3b94
0d1a;631b
0b39;afa1
1636;b61c
022b;06dd
0eb2;b43a
08c3;ecbe
1260;77ff
017b;84af
1a76;3e8f
1fa6;4d7f
0848;f34d
114d;e4ae
0ce4;e53f
1526;50df
1235;35a2
116d;fde6
004e;9f52
0f23;9fc6
052d;df2d
0aaf;7565
1de8;3ce2
1a80;c3cd
02b0;33aa
1f00;8c1a
0eb1;8da9
0f42;ad6a
02e0;8e63
081d;74cd
114e;163b
0d1d;a0e0
0287;2174
0f39;113d
0958;6c6b
1ba5;4186
01ef;932b
1273;8fa6
1823;309b
1346;9567
162c;5833
1169;5604
1692;e3bc
17cc;958a
1ad2;ff11
0fb5;3fb1
0497;e608
14f4;3f06
1804;2e50
1d0f;096b
1dc3;9824
0d9b;eae5
0500;b940
112b;f811
08b3;ad51
188a;01be
048f;ef5f
07e9;a1ab
051c;2972
1f5b;8a11
1909;f4bb
0909;110b
11db;71a3
0c15;7424
0f04;87be
0118;1681
12c6;7ca0
1c0c;e0c6
0a41;2e11
1b53;ee3a
0394;88d8
1086;c52b
1c55;9cfa
07d0;e515
04ae;7397
1a72;5496
0667;a597
0a0c;82e8
0252;9c9c
1db0;d40f
00ee;eb7d
0986;29a6
0f2d;3ab9
0f00;7bc5
1f21;85e4
0937;d3de
1628;a847
1794;6561
0b88;7503
15b6;1daa
064c;03db
101d;1751
08d9;56b1
0cf6;2e94
05ad;c596
168a;af0e
0cfd;a62e
0014;8e89
1739;12aa
0dea;b560
0d86;8c65
1535;a631
0b9b;3104
04e0;9ddc
147d;7dfd
13a0;a947
1b6f;1463
154a;fed5
1a1e;6397
0946;0cf2
00df;926c
0d65;361c
1995;2b58
170c;99c9
0c55;bf4f
0737;1c80
09c0;ab2c
1163;970e
0971;a4c4
1324;c270
0430;3504
014c;ca74
1a52;9dd5
0066;f4cc
0c7f;5207
1fed;f502
0718;1b2c
1204;7ab1
00be;a94a
0126;15da
1249;77a2
16bd;e6c8
07cc;6c97
01a9;13be
1574;335a
1cba;d2c5
184f;acd0
021b;d64a
06a2;4e07
1a86;2738
136a;0ff6
0360;183c
0b18;bdd1
0cd1;79d3
1da3;87b3
0895;92da
1585;3d75
1705;e00e
1c15;1165
11a4;d533
1019;7134
10bf;f7da
0eff;e405
18f5;15c6
17cb;2da0
1c22;2dae
11b0;d21b
0104;dfc3
07d6;d6f5
162f;a3c8
15c1;e3f3
00d4;4330
167d;8eca
0617;6a83
185f;a525
1893;979d
0005;3a75
1f9f;13d0
19ad;2930
01c3;88c6
06c0;e5e4
18dd;ce58
06c9;4d4c
0b50;412f
05d7;4499
099e;e540
0e03;9b78
0b2f;7357
0d95;191e
0e87;39a6
061b;f2e4
005f;a5b8
144a;507d
0fc0;2b4e
0867;ad03
014b;b101
1bc6;0a74
0356;2d48
0ead;41f6
1ee6;dfb8
0bb3;79df
0620;188f
13e8;87e1
198f;6f0c
0be1;0253
0493;28c0
14a0;2d3c
0ff6;9e55
09d5;ab63
0a1c;7313
19de;c217
1ea7;e49a
1997;b8c7
1a4a;030d
1aae;3188
1391;ea94
1fb2;904c
1723;a70f
1d0b;b0e1
0851;8532
0498;c2c6
0fbe;e002
0f0b;9e0f
087f;66c3
07d7;11b6
1c5d;de85
1b2d;6849
0dae;a5f8
199c;7d03
19bc;6e4b
039b;0990
1d88;0908
0579;2150
0760;05f0
1cca;9bee
1097;ba67
0542;7893
092c;562d
117c;cb94
1e51;02a2
18e4;a09c
1462;c7d7
035d;e919
0fc1;a378
131f;4e40
1074;ec80
0477;950f
1ed5;0f0e
056c;3c69
173c;8819
0dc5;c9a6
1d92;8ab7
0ba6;a4ca
1355;98e2
13a8;a14e
1866;910a
11d9;13c5
0aee;9fbf
05bf;ffb4
1bb0;8f3e
07f8;990c
0dbc;705a
10d8;84b2
1be9;4c46
1054;d069
00bf;58b3
1377;78e5
0255;bc82
178a;d574
075a;e40b
1b1c;b98f
1276;9b05
1f44;1824
1bf7;02ac
0f47;2593
19da;816b
1201;c4da
1b6d;d9af
056e;a653
0275;e389
0bff;f57f
0ef8;b59f
0c0a;5061
1713;edb3
1a3d;5d6c
0f29;73eb
049a;832f
0d41;69f6
0265;4829
1716;ed69
0d31;340f
0e0d;8bf9
02f7;0ac7
0431;9b7f
1776;1dff
034b;ff13
0ab6;0e69
1b04;f2d8
1384;9882
172c;a2c1
0082;553b
1496;f882
0305;7be4
0bc9;21ee
0d57;2882
0eed;cb37
0a30;0264
0b1d;ef0a
09f5;109a
03eb;f8fa
0508;69e8
0f81;603c
1a1c;a196
1c4c;561d
0a4d;d25a
0285;23eb
0a3d;f3c9
0e55;21d8
1d4a;b4f9
1ed8;2514
1719;eb6f
0790;13be
1b88;570e
18d1;3d7a
1a35;b52e
1761;a0cd
0db5;7ba6
1dd8;ecf2
1d1d;3977
07ab;dece
0719;3566
0bb8;9ca7
0348;9f82
0456;648d
0c5a;6418
0d16;859d
1908;cefc
060c;f7df
1db2;ac93
125a;a9ed
1944;18c0
1ebf;05d0
152f;35b3
1bff;7969
102a;fd77
073a;151a
0a25;556d
1ece;3281
0bd7;e084
1912;a05e
098f;9453
0deb;8187
198b;db85
17f7;ba1c
0955;daea
02ab;3112
0aa3;af94
1190;ff57
1cd4;b2e6
045b;fc30
192d;965b
04cb;a07f
0488;5fc6
195d;93a8
08be;4f64
13a9;a04c
0494;2c7b
0db3;4cc0
1dee;3f83
03fa;3318
0cfa;6aae
1191;dbcd
047e;4840
0832;2e12
0e1d;7d0b
13e1;5289
0fcd;3eb9
1919;30a3
1faf;5dfb
0a62;5ae9
1c78;515b
1ef4;6c59
177e;7ca0
1dcc;2177
139a;5734
0c06;bfdb
04cf;c9cd
0425;ee0b
0179;5cb4
11b1;1ace
1b1a;d4ba
0a2f;aa95
08b0;2382
142a;f12e
1545;5472
1383;c649
14a9;1c84
1269;592b
017e;eae8
169c;cc3b
1d39;85ac
1f60;633b
13a4;effc
02a8;0995
1e17;99ab
0d98;2ec8
0300;3988
0777;5e58
0e6c;11d1
1035;4c9b
1f06;c3b1
1abc;dd4d
07b3;4c74
018a;9184
093a;901e
0f58;87e4
0141;f75c
13af;f876
08f0;b5ad
1e36;cc29
0f41;d034
195b;9635
0205;7c29
0f09;8b42
11ba;e3c9
1541;c294
022f;7581
0b7d;3fe8
09b2;95db
0dac;2031
0547;62e1
001e;b5fd
0f52;0dfa
0abc;0ec0
06df;0f0b
187d;c8ee
091c;ac7c
0a1f;bb75
1850;df20
0c62;1c11
08b6;8a39
1853;6715
10c7;697e
071d;ed7a
1ab1;abc1
0ba8;9ed9
0749;d51a
1576;ad07
062a;8a33
0099;49df
1573;7080
000d;9e14
07a6;660d
14bb;9af4
1c6d;8ba1
005c;c897
0929;f8d5
171f;017b
0f72;2092
1146;862d
1b9f;bc5d
1432;f6ca
0c53;e7d4
0f9b;6111
186e;2547
172f;e41d
0ac1;51e1
1b60;12f1
05df;4fd0
01ce;43cc
16cd;6e91
1d9c;5c40
0e81;b1a2
026a;97ea
00c5;a224
1991;512d
0838;c39a
160f;579e
11dc;8ab8
1ff8;321b
0ea3;a69e
1118;2b1a
035b;d2c9
0921;8ccf
1a43;7b86
0ec3;617b
0ba9;2f9b
16d9;f12c
05b9;b68a
173e;9468
1161;af7b
0f01;3ed2
1040;e44a
06c2;5e1f
0256;2fd4
0b6f;bc6e
0ced;6616
0040;872b
08b8;7a60
0ba2;7bfb
0fcf;1ceb
192a;341e
0ce8;9a12
15e6;2a45
15d5;9e02
0ad4;a032
0c21;1a9e
1f38;e2c7
0e2a;b850
1d80;6ad7
03ed;d3f2
07cb;f465
1aef;0f6f
16bf;1670
1ac9;7d82
0de6;7982
1a31;08cd
074c;661c
00ec;675a
00e2;63fd
0843;4853
10dc;1f26
0a3b;41c5
0248;e028
0130;5ce9
004f;cb48
0278;bc9c
0acb;8588
19f7;e409
0e58;e497
0ca4;1e18
10c4;a732
1ad0;388f
18fa;e26b
1eb4;a00a
0863;c855
06b6;39b1
0671;4973
1793;c90b
098b;9695
070e;2125
0abb;93d5
015a;d490
0989;0e0a
05c0;b2bb
1224;7484
1d73;af25
190d;e5c2
12ec;6647
1ae6;7489
0294;3795
050b;a0ca
17bc;bafc
0e3e;b572
0b2a;ae0f
0f4b;f522
064f;0e0e
1d68;7650
02f6;9fb2
1c07;e1cd
08c7;d0f9
12f5;9735
14d8;997e
0f08;0832
1d0e;647e
05fd;f3fb
0392;ef82
0943;fc6b
0326;ab23
0b5f;8c1d
1afc;70dd
0de5;32f6
1a79;4082
1d6d;c86e
1bad;0e53
1415;9997
03b7;4eca
043d;f640
1db3;c1e4
046e;59ed
040e;f73e
109f;58cf
07b6;651a
050c;a09e
0448;8ce9
177d;193f
1cc5;b1b8
1512;0b36
0016;6ff8
1837;39e3
0680;7710
1a41;efcd
158f;07c9
16db;610c
030a;8b7c
078b;5f62
1e99;54df
1ec5;fac3
1e8a;0980
0983;288f
07c1;b575
054a;0589
064d;f645
1bd9;aaed
1b5e;c1eb
0bd4;638e
023e;6068
0072;7bf2
0b58;33b7
1064;9116
0e39;a16f
0d0c;5750
0428;babe
0756;2c61
1968;4f32
169f;17c0
155d;c038
1a9b;835f
031a;1367
039d;1891
1cfa;6f6b
127d;585c
11b8;f9af
0b3e;1ca4
0561;395c
19fb;c718
0261;b1fc
0ed3;5692
1948;a107
03fc;6609
0b3d;9b89
1fe4;9eec
11ee;dca4
0f5f;2ed7
0b84;8204
1e2a;f76d
0966;1bd5
0381;31b4
0e8a;351b
17ce;800d
1f22;6a66
0ce6;bc3b
0174;7a8a
15fb;e246
1a82;232a
1bfc;b5b5
01e4;92bd
17ad;cf9e
1600;242e
0f77;22bb
160c;6758
18c4;c081
01e1;37fe
1949;9f8c
0ca5;8810
1b08;85ed
1187;66da
09a3;70b4
0106;51dd
0d46;f58e
1e85;6d3a
1e5c;1151
0f54;fb6c
1819;2c17
02a9;ac05
0f8e;4d8a
08ad;7ae8
0f22;615f
0522;c38e
0c65;5823
1c30;a4b1
0bc4;3b20
1e82;33f0
0991;e82a
0b52;356e
0d9e;0e66
1922;836b
11f8;5d66
058d;5c5e
0e2d;8c3e
0e42;5a91
03ea;a3bd
0f1d;0124
1a25;227c
1612;e84e
1785;e77e
1116;fc06
1360;061a
0df4;2e91
1109;aee1
11fc;3c2b
1060;65e6
1329;cb2d
1025;e9da
0c86;28b6
0a71;0d96
0eaf;e668
04db;77a0
0f8a;97e6
1134;f9af
1d13;8b81
123d;2a08
1c16;7ac6
1ab2;a0e5
19b7;4991
197e;779e
112c;a24b
0225;0b4a
1a00;6522
0804;24f1
1ebb;523f
0154;2124
161c;3f25
0d28;145b
0c39;8254
1213;dbdd
036d;a90c
0535;1d7c
0a2e;494d
1685;501d
15fc;cbfb
0129;8630
0e0e;7376
0e56;7561
1bf5;e77b
11d1;ba57
1bac;6fb9
0c41;bea8
0b28;3c5e
104e;59f0
0e34;0625
07a4;dba0
0739;ef13
0234;a27d
089d;711d
10ab;890b
0685;f8f6
051b;0159
0f34;9d34
179b;9745
0dbb;af0c
0a5a;be89
14b4;dab5
000f;c5e6
053c;3ef6
1baa;92cb
0204;9db3
1a2d;ad68
074e;65b0
1f1a;e59a
065c;b5bd
1cad;16cc
02c1;5835
1d84;818a
1d48;480e
11cf;541b
04bc;afbd
0a53;1bea
03a7;cbf8
08b9;b6a6
0d3e;d61b
0cdd;4aaa
0b4b;a79e
1444;739b
1e9f;65a0
0f6a;6257
1a1b;d50d
0a40;d589
19a2;24a2
1513;fa42
073b;367c
1a1d;f8b3
1e7d;a6d5
1730;bec3
1b75;c6d3
046d;0742
1e7e;940d
1efd;1b8e
101b;e904
0f14;1057
19ef;2965
0dcd;5d58
0058;7b65
140c;d8cb
0371;98a2
1492;b029
0828;734a
07c3;5f87
07dc;0b47
19df;9d85
1ec3;0de7
1001;6f48
0242;cfc9
091d;c9b9
016c;eba1
05e3;8329
1961;03fb
14c9;e54a
01f2;8df8
00c2;c056
09fe;820c
129f;8b78
1e57;c935
0f5e;569a
1861;3cba
1306;8a27
0266;37d0
170b;d711
0140;9bc3
0408;1eca
14da;f671
1a8f;3843
0837;c713
1b5f;d65d
02d7;21f5
0872;a2ed
1d9d;e6ce
15ca;3f25
1dd1;660c
0052;3951
1387;a64f
1797;4120
1552;aa1c
1a89;c368
101c;fa39
1d9b;7c3a
0b54;9e9a
1dd3;7084
1211;e170
148e;680b
120d;f64d
1942;2f0a
1515;5dca
0752;679e
16af;fe9b
1d64;3f26
0370;4ac6
1357;9c22
13ca;9d04
0e4b;601b
021a;1950
0f2b;2e3e
04c2;ee28
075e;111d
0b0e;bf74
00e5;6453
0562;2f6e
1cee;fc3c
181d;d345
1bf9;9eeb
1704;5af4
116a;a0c9
09d1;4582
1136;c8a1
1f31;ba97
1aee;1600
0b41;5cbf
15aa;0ba2
0526;292f
1b69;6d38
1f0d;fd5a
1fb5;fd1c
1022;e16c
04a0;f549
0a76;80bc
1cb5;2563
14a7;c553
1b92;47eb
0e3b;57f7
0945;2049
1888;ea41
1e8d;5849
04d8;2be6
1427;aec6
16a3;cc49
1e63;21ff
0697;beaf
1092;9647
03c8;5a1b
05bb;4c67
02fc;b0e3
16a0;d1d5
0ed4;bccc
1af1;586d
11d2;f07c
174c;2676
1a5d;bf75
006f;3bba
18a7;7910
086e;509c
0c45;936b
1ca3;64af
1f30;d703
144b;a2d9
1047;278a
0cbc;e288
1c46;b87f
1678;6971
0934;0b6b
1ab9;e3cc
0069;318d
164d;e713
1ecc;56de
1ccf;4116
1d2f;81af
032a;2bc7
16ec;8318
12c1;f14c
04d5;6d94
07df;3f3f
042e;b116
0fc2;d5ea
0160;1aaa
1281;842d
0e21;a9f8
0ff3;eebb
19be;3308
1dac;a625
1105;9702
1fbc;f98f
0366;fdde
0295;f478
10e7;4d59
134d;db3d
05b1;6b80
1177;a963
0ee0;cf73
1416;1950
0686;8ab9
1539;3b3d
18fe;dede
18b2;6f24
0e44;5fcf
1f09;6456
1337;7c49
165e;9545
1901;a438
00cb;4889
1154;f12e
1a48;a982
06fc;45cc
19d6;3db0
0988;2f76
1a30;c1a7
1042;6be7
0f21;d06f
02f2;cbbc
028f;5915
0f12;1d7d
1349;45d9
07a5;9107
10d1;3eec
1220;a8d6
0011;edb5
0553;ee88
0bf0;38fb
0367;fe33
0d5e;057e
1e9a;7976
1b6c;70c8
0f4a;793f
02c4;4550
14e8;189f
023f;9d84
0938;bd61
0a85;7cd8
0770;1c3d
1f28;5720
194f;82dc
12a8;32a8
1c20;7f12
0c29;5f89
1594;47b4
091a;fa9b
1a0f;3ff1
1061;c1f9
0d2d;c7a4
041c;b5ec
0d0b;8cc8
1ce4;df13
1c0b;9951
020e;4f38
1553;59f4
03f0;945c
139b;b6fd
02a5;ad0f
0ade;15ee
1c9d;697c
0587;9488
1d98;2976
07d5;2e7b
1dfc;bd2a
0029;31d5
05ec;1081
1f5f;ccf2
0f2a;ecd1
0b90;9158
0b76;6976
1d7c;90c3
1f03;3b81
001c;1496
1989;a0ac
0f68;d779
0aa6;a950
0bdf;e132
0bf1;45f9
1e4b;d43c
130f;a59e
0e1f;f585
1372;5e35
0bf7;1a37
061e;5be8
0754;911f
17f3;f2d3
0004;f785
00ea;a998
0349;f6f7
0ec2;aad3
1741;55c7
144c;55d2
0358;0dee
08cf;ef1a
0f96;5bb3
0675;375a
09c4;2747
0f40;583c
0fd2;541d
1d6e;1d40
17a7;a897
00e7;2343
1c71;09ce
1cd1;43e7
18bd;9dc1
1699;6de3
19b9;7469
024a;946c
03ad;73cf
0277;3c64
006c;5346
19e0;6340
11ab;7b3d
0b02;951f
1e1a;5dec
1c3c;c142
0e82;b0a4
024f;7ef9
1e4f;c5d5
15b7;ccf3
0b2c;be4f
1dc0;567d
024b;aa4d
128c;2b73
1938;a094
1fe3;e09b
048c;1066
1ab4;180d
0047;d6a7
11ed;79f9
1edd;293c
1e4e;e8d8
1490;3260
05db;6e2e
0e53;5d6d
0512;bb3f
0520;ae2c
0214;47c8
0785;daa1
0d1c;5c54
09f7;ad24
1b99;3285
0046;d5bc
13d1;f8f7
062d;56b6
18f6;17a5
0138;8653
155c;3078
15a7;230a
0450;bd99
09a1;631a
02c0;3a69
0a58;e86c
0926;f0c6
05a5;9f36
036a;bf1e
1818;36e9
1295;ae85
0a84;d5bc
14f8;2110
0aca;530d
06cd;00b4
100f;50f7
18df;87dc
0b8d;eef9
09d0;1c42
023d;f879
1c69;009b
1831;d88b
09e7;abc6
0156;ed95
0949;c59b
0074;651c
164f;ab3f
09cc;cdf5
1b62;77bb
1568;c7c8
1634;7e93
15c4;bbdf
07d2;8a6f
12d5;80ea
007e;8d0b
0399;ea49
0e93;04e5
12ae;9ace
0f95;27be
17a2;f3c5
0384;7b2c
1f2e;6350
1cb1;6b31
092e;1c76
1f7f;409e
132e;98d2
1f15;bff4
1ca2;da59
1957;4f8c
070c;37d1
0cf0;0f48
1589;6948
176c;cd35
1330;eca6
0e25;6b96
02ba;8391
121b;da12
1021;5d50
17f1;e054
153c;4d58
0a68;e4f1
1081;b950
1413;6b20
1beb;bac3
0f0d;e236
17c9;a317
096d;11c0
1a96;4d3c
1140;23ce
076f;34d2
152c;a823
1370;dd53
04fa;9a14
0b89;0c2d
194e;54bd
0ce7;92ab
0f28;9252
0e00;d8fd
1f7d;f9eb
1aa1;c1b6
19f9;8488
016d;fcd2
1bd3;d8ba
150d;244a
17fe;b2f9
1f6d;ce4a
0376;f971
1ec1;e371
0bca;d16b
1463;bfbc
16fc;bae9
0175;8b20
19eb;bc88
0cb8;a0d9
11d8;d2b8
1ffe;0223
13c5;48fe
171e;668c
1f72;e78f
13de;5eab
0439;fcbb
029f;a32f
072f;cb19
027a;458a
17f0;39b8
1c52;0ca8
0c40;225c
0c37;d8c4
09bf;a3a9
0c7b;9d1b
05b7;99c7
0427;f444
1762;387e
0b35;40ee
0a87;ab5e
19bf;2c0d
1c5c;e6c4
1655;028e
1e23;8d05
146d;de19
151f;6aa0
0b07;1c57
1836;1f82
028e;f2d7
06de;826b
0a24;0473
01e2;4a3f
1c27;6a60
0bf6;714d
1886;2dfd
0238;f8bc
14ed;8664
1806;a6b2
0688;c74f
12ba;4e03
0a98;c6c3
1b41;c5c9
1bcd;0d6a
14f9;5f86
1eca;514c
1859;bf59
1e93;ba08
0272;76bc
0c70;4b90
1cbb;bffb
1b63;ed5b
0b16;3b36
1b2f;8559
03b4;67c3
0a05;6c75
034d;20d9
09f6;1977
08fe;7eb7
048d;dc7e
0f2e;f714
1c17;e8ca
1b09;32fb
0442;8893
102c;beb6
0775;b789
0fd4;55d6
156b;1a0f
020c;7b9c
17ed;c230
0bd8;4de3
12b4;0781
0efa;adcb
04ff;cb67
1c12;f1f3
04b1;9227
1192;19f9
0a9b;856c
007c;adc4
0eb9;e1bc
1f05;88b8
1059;b95c
148c;e60a
0a93;4f5e
0d7d;95f2
10db;34aa
08f3;9283
176d;8931
01fa;4945
05ae;606f
09c9;ef8b
1f69;9f56
02bb;798f
0fd9;ca45
0793;2091
0594;58d6
0f6f;8567
0a0b;effe
1505;10c4
1fc8;cccf
058e;c5d8
1eb5;b3f5
0076;f7a0
0eb6;7d5a
1625;007a
0c96;7107
1f33;58e8
1e5b;7e1b
16b3;56e3
16d2;9ea0
098e;379e
1cc7;9d44
12ef;8cb1
01db;e695
0bc3;34b8
0d7a;f830
0103;483e
12fe;1d6a
010c;8b4c
188b;da0d
0630;2af1
162d;0a06
0fa3;a6d6
02b7;248c
133b;a6f0
0bb0;0b12
00a7;5ad5
1c35;3a83
08f8;6fd8
1feb;2b3d
03e8;f673
0fd3;09b1
0bc8;a002
0632;984f
1203;ca44
12f6;ce9b
1b9d;e9ff
0c32;5ca5
1c7b;e1d7
0184;fe10
1cab;5761
08bc;cd73
0531;6769
06bc;67f2
12d4;9948
07ee;61df
0c66;9729
04b0;0d41
1c49;6417
0f36;cb62
1f5a;6226
0c24;2091
1066;ed20
1bb3;d7be
0245;4028
1f7c;bcb1
1473;a901
0163;6177
1404;ee94
02eb;75a2
02ad;8aa7
113d;f90b
1f52;24dd
1619;b848
1ca9;83e7
061f;5103
10f3;a877
1da0;0d1a
0f18;c95c
0864;9450
006b;ae37
100b;f0a6
06d8;6b00
0708;e361
03d7;aefb
1953;bd2a
1db4;2f11
1311;cda7
1f57;69a7
10bc;8070
0ae2;1258
00b1;90f5
0d04;1f4b
18f0;c3df
0bce;dc20
1e30;5d38
0e6a;71c4
1efc;bc24
0a3e;0a62
1d50;cf18
0de7;beef
00ae;cc57
1175;e358
1ca6;df78
043e;9a54
1e47;1822
1433;f9b4
0e29;9436
0ab8;75b1
133e;083f
1a6e;6d65
18d2;adcb
13be;4fc6
0782;dad0
0539;25a8
1680;a287
17cd;d278
15a9;4b98
0007;36b9
0aa5;e862
05aa;1bda
0320;a47c
08af;157f
06d4;3215
0acc;3682
08d1;4fbb
03dc;a00f
145b;df36
0559;3119
107c;a7a4
103e;f9f9
05f5;492d
0206;c563
13f8;ce5d
0e0c;9ec3
09d4;4780
0b68;45b3
1f0f;db31
1eea;db7e
05bc;b11d
02bf;d21e
17fa;a622
0972;e046
091b;2a41
1142;2d05
1eb6;8e65
1764;ce52
143e;f069
0f20;93fd
1d70;9f84
1b59;59a0
07d3;5421
0a12;55ad
1b0e;1f40
0cd0;2df5
0694;8326
1b34;9450
0506;2e11
085b;3ac5
1401;92f3
122a;80cc
09ba;39fc
1717;3304
163f;02bc
1379;e6f7
15fa;6821
0098;a080
085c;3653
1b05;aa22
1882;ed08
19ca;feea
0736;b859
085e;9708
066b;f523
133d;c4b3
011b;87ef
19bb;06e7
0fc6;db20
0cc0;33af
084a;0468
0bd9;676c
18d6;e4e5
064a;52bc
01c7;26ff
13d9;0ef3
0c92;f536
1ce2;e4f9
0cf9;3ab7
0a77;0d35
1647;f3f0
0ea7;ae1b
1284;b271
1e2b;433f
1471;26ce
0d3f;1961
0059;9bb7
0af5;7a8f
02c8;7e21
108a;c058
1adc;74b5
1a73;0f23
1f6a;e29e
0868;a84f
0136;aa6f
1449;64b6
1b1e;d0a7
0336;6472
0ceb;e32b
18ea;e406
0421;c1cf
1518;6275
0c6a;9567
164c;8b21
03e1;c80f
0075;b4b4
0b1b;316e
0050;d29f
0f3d;c643
1d8e;ef7c
0150;8884
12d0;c1f8
1956;65c8
1724;cb5d
18c7;7789
1f99;cd0e
09d3;a8f9
0c60;49e4
0923;d086
046f;73a7
1c92;98ce
1712;27c8
17d8;5aa0
0b12;5395
1978;b50e
16f7;94d1
0ef0;99d1
04c8;2a5f
13f6;1193
1b51;a356
1259;3035
0b56;dd65
149b;fde9
084c;1f6d
02f4;c310
087a;485d
0bc0;069f
0928;a197
137e;6b65
06d3;d05f
1792;feae
10a0;4feb
1f0e;68e4
1170;a53f
06e1;c629
1072;28b9
0283;5319
0432;5b7f
0dc7;3d32
1924;2a9e
1b77;f253
1aac;a370
1dfd;7ded
11cc;1c9c
1fe2;7f4e
01c4;2f8e
193c;244a
0fc9;34f8
15f9;b690
175f;e59a
02d9;081f
1c02;2693
1199;0918
1486;9c70
1aa2;0269
15fe;a8fd
0c48;bdb3
0c73;ddec
1e4d;7c77
14a1;7e86
08c8;6860
0615;9053
10ee;ab55
004d;6b27
061c;3791
0816;f9f1
16c8;49cb
029d;4415
16e1;d466
1b6b;f132
0372;f1c0
17a0;5ae5
0d51;b476
0784;e1d3
095b;e7bd
1132;1a56
1f39;f054
18c8;0f50
09ec;8bd3
0c77;e72b
0a8c;e2ac
074b;7c54
1075;f565
042a;5d86
0916;2492
1711;536f
1bc8;a600
05ed;e6a1
1825;3efe
18c0;140c
0b65;b05e
0544;b79d
0445;c995
1fb4;d116
0385;a05d
1a7b;5f88
1577;1933
0231;e2ff
0ad2;c686
0714;375e
09f9;d2b1
0f07;d591
015e;370f
1077;bc1f
1664;350f
1551;6143
1845;493e
0890;75c9
08a5;c1b8
0cce;230f
1c6e;b036
0418;2f1f
0a42;9077
0c2c;e562
0e6b;372a
1759;e6f9
124e;d7d4
0584;209c
1226;43ad
1559;c693
12a9;5020
0232;b75d
0706;99fe
0110;1103
0af4;8771
1d4b;f4a5
174e;71ae
1c1f;11b3
10d5;1a62
1fe0;f8ad
1b4e;e703
0436;f2fc
1448;3a93
180d;c8b9
1973;ce6a
06a0;3924
0ec9;b77b
1658;a2ea
094e;0ec0
1d8a;51f3
0c04;01a4
0c98;5cfe
0f32;3ad8
0ec0;cec2
17ef;d149
0f03;27b1
08a2;3750
0b92;3318
03c0;8388
1e56;9c82
1b10;ba99
1a17;d832
1bce;5a63
1707;507a
0660;58fa
1419;0a3d
1a8c;5328
18a3;c29e
10fa;ed62
1106;cfca
11c8;6c13
0003;3cdf
05f7;3974
10a6;49bd
0e75;d9e4
0dba;a094
0abe;376f
117f;5366
0def;c1a3
07c6;f424
11b5;59dd
0bb9;29a0
1033;3efd
0ca1;66e9
01d2;8e18
144f;0b52
01c2;a10c
1fd2;b90a
0956;0d89
040c;f23d
0940;face
17e8;cf08
167c;3069
1488;6674
14bd;8343
0563;d7d7
1599;1833
0f8f;333c
0345;8b2c
0a27;1772
04a8;06e7
1028;d617
0bcc;a981
04d0;b6ec
01bf;d57e
1c72;4f69
10e9;17cb
1bb8;c489
1569;893c
0ebb;53eb
105c;5e00
0fc7;29b5
0c99;b536
1bd5;3f30
1755;951f
0a88;8ce9
0662;f0f6
0d3c;f731
147a;af4b
0841;4808
18fb;3ee6
0bfc;9042
0292;071e
080b;6365
0aec;88f2
1e1f;2be8
06b0;0bd9
119b;4f52
0369;f4ab
1561;10ed
1f45;a985
15e7;73ab
1e64;1c85
1920;d047
1503;3484
0bf3;646f
03c7;2b32
1970;4560
105a;2e40
1ca0;678a
1fc5;58a7
1a40;7dd2
1d95;15ba
18f4;0055
01cf;1ab5
13bc;b09f
1f9a;327c
1b35;1ead
146b;27fc
02cf;5feb
118a;594e
18c2;1877
11f0;079b
15cb;3cb1
103d;52b2
1a75;4d88
0f38;4d5c
141f;72b1
1157;182f
0c93;de6d
1bdd;9f07
0968;2b3f
1d0c;be64
1d87;a9e5
05b3;a75c
1c04;c44c
088f;9c54
191d;d7cb
13e3;35ed
138d;b3f2
1b84;fea2
0d55;5868
038a;5a72
1438;9097
17b5;69de
01ff;ca32
1daf;6644
1efe;1a40
156f;b4a9
1874;369e
0681;dbf2
13e7;e7fa
179c;8c4e
1f7e;609f
0b57;f568
0a5e;2c9a
0957;1f0e
1637;3852
1153;54ea
05e0;78c4
128e;c072
03a3;cca4
0d20;723d
0990;e19b
1f1c;f1a5
0f1a;2a55
0078;4c1d
06f6;42ed
1c93;a7d3
13b4;07e8
11ad;0b58
16bb;5b7a
0d78;0c90
1073;07a8
0f11;6341
1809;ad26
1fe7;5513
1860;4175
1868;457f
12f4;87e6
165f;4e43
0653;1bd5
07c8;34d6
0d96;6340
1976;3cf3
16a8;11e8
13dd;a869
030e;f3ed
1bdb;e775
06e5;ace0
12da;6658
05ce;cf8c
0939;bdba
15a8;2029
1ad7;25b9
1d65;17ea
1f96;0a26
1a7d;1fd3
08d0;077f
0012;ce83
0aa7;937d
0ff1;3c23
0e95;8c62
1477;3d2e
1e3d;f1f6
1287;3d04
0c46;94d9
1a97;31a5
024d;c63c
12f0;8e55
0d48;bd9e
1846;807d
16f8;9113
149d;3ab2
0831;5b10
1ee4;97eb
013c;5cfc
1d03;8022
1faa;204e
17bb;eb9f
1ca1;63c2
1b8c;833d
12fb;3214
120f;a46b
0adc;6a5e
12ee;8af9
186b;1e3f
0f06;04e6
10cc;4578
193f;d638
1422;7c0b
046a;73af
0e9d;933d
1726;6906
14cb;da01
1b37;cffa
1833;3ec2
18d7;5110
03f2;c9d9
125f;cb1e
0324;96d2
148d;9514
10c1;3328
1ba7;1ef2
01b0;2722
12f1;79cd
0fa5;8732
1ea4;e69b
1267;65ce
163e;4f6f
0795;89f5
1f6e;10a0
1c99;5252
1519;a469
067b;78ad
1193;0f50
01b1;757c
013b;0336
1b90;8b23
1423;d87b
13ed;30fb
0223;14c2
1408;dddb
0044;b523
0391;1c5c
1dbd;67d5
164a;07c0
0c3d;5473
00ca;4d3a
188f;d3c2
00a2;ecbc
1d72;1464
182c;c289
192c;dc7d
1a5f;765b
1b7a;3fd6
19d7;f633
004c;b76e
1871;f423
01d9;ea81
14c2;b0a9
1dfb;8905
1c67;c4d5
1bc3;a003
0d4b;af05
1802;05af
184e;7fce
1981;dc9f
140b;78fb
045f;1abe
078e;1a91
1630;d210
0067;07da
1230;1699
06a6;a5df
1456;aa95
0979;d1f5
15fd;ab0f
0538;2f6e
07c0;9f6a
133f;5276
069e;97f2
168e;89f3
0fe9;7e12
01ca;9469
04b7;d721
12a0;fd1b
10de;a59e
0654;c25e
042b;1311
0d8f;6ac5
1894;f44e
1465;fb3b
1122;197f
106a;d5b2
1484;9fdd
1e10;fd1c
15c8;cb27
15da;ce27
119d;f7fe
13fa;2e11
134e;e81e
1db5;dfed
0ff0;8634
09a9;f576
028d;b4eb
0499;68c1
10b5;e492
1d07;3a93
0a4e;abf2
0327;e949
152d;fbf2
0c0b;78a0
012a;7d6f
030b;c06d
003e;66a2
172e;f37e
1c74;6ac8
182d;2080
1753;3aba
0d6d;ba49
1a0d;6145
06d2;c4b2
1907;4584
1edf;c241
1666;339d
0fca;34ea
0d5f;c401
0a54;27d9
173b;baf1
11a6;4015
06a5;3a11
0750;290c
0375;42d6
00a8;e0b0
0e77;42cc
19ac;31e0
0097;741c
06c3;a0cb
1323;8afe
0ccd;259b
1e54;c726
0e4f;3b9d
0b73;9c08
0e8b;4e23
11f4;5c61
0a83;af02
1149;904b
12fc;e013
18e2;0402
1854;bc05
0d0d;fb0b
168d;4690
1386;4f8c
03d3;1857
1aba;1ddd
09ca;d98b
1352;05fc
11d6;e8c8
1485;2612
1870;8108
00fe;f1fd
197a;0d5a
197f;8bb8
05f3;f672
0765;090e
1c03;f20a
0aea;af39
12c7;07de
1ccb;4622
161e;f3da
1ead;f4a0
1bf3;3080
1ed3;8b65
09cf;81da
095a;c267
09a5;eb9f
1835;0c1f
04fc;fefe
12bd;38f7
0e61;7909
11ca;48da
0d79;e02b
1c86;0d72
13cc;aeb9
16d3;53b1
15c6;5875
1049;dccb
13da;0f1e
01b3;2862
1733;63fe
14a8;8dfa
039f;afc2
035e;965d
06c5;7b9b
02e3;d57b
110b;6080
1e1d;09bd
1623;33a7
0a03;74a7
0333;adc3
0cc6;b9ee
109d;f53f
1648;76b1
16f4;cc57
1180;2527
1065;f570
13f4;970e
12b2;78fe
1743;233e
063b;ec60
0dd6;5d5e
1608;5941
00fb;524e
03cd;4fad
0f73;9f8b
167b;6d36
1858;3a5a
0002;494a
1e01;f0f2
17c2;c73c
0796;28ac
14b2;fcc3
1c09;b578
0fee;59fd
10c0;f001
12f7;2aa6
13fd;1a44
1d19;5021
0f94;77d5
0c9b;fe41
0bdd;553a
1bef;7d02
1a91;cc45
00ba;36bf
06e2;a23a
0ce5;55cb
0cff;4726
079b;fbad
00b5;b148
1af7;8743
1c8b;f909
04b9;aba4
1ac6;9c53
0a69;ec39
14c5;7637
08f9;74d6
18f2;67c1
153e;2dab
0113;b2ba
1a0a;6e3f
1310;ac31
0229;8dac
1437;f464
1309;59e9
0e69;fedd
1c24;1577
0b81;7bf3
19ce;847d
1af6;6b7e
1c23;6b50
0b25;f5ab
0d67;9b72
0463;edda
038e;a7d2
1085;381f
14bc;77ef
1af3;6d5d
1df8;38f8
0772;d81f
0aba;09d2
1240;95cc
077a;457a
19a1;3737
0970;c383
0655;3eb7
13b6;6c14
03f7;939e
1454;724b
1ee9;097c
1ab3;eb47
195a;9a2f
02df;d31c
0d3a;307d
1cc6;60dd
02d6;1acf
17b1;f72f
012e;54da
18b4;a850
0e7d;6341
0e5e;c550
0024;cdcc
106d;3b48
01ae;38b2
019c;f1e5
0031;9395
02ca;b9c2
046c;35a4
0317;aa37
0af6;d902
196f;c1fa
0a6d;5ef2
1bfe;c47b
12b1;58e6
1f3c;d028
16ac;50b7
1b61;bae5
0259;3ecb
0537;7c1f
0dbf;8207
12ff;fa89
12cc;fb04
150b;7e98
1fb3;b717
0e84;005c
0c28;33cd
10fc;3c2d
1dc6;2ce1
06be;b323
04ef;cb06
0ac3;c218
192e;0b62
1a06;fc4a
0930;d0e3
02b4;9185
1e86;539e
0a60;8492
1068;2a85
197c;532a
03dd;84f6
0501;274e
13e0;09ad
0a8b;d05e
17ba;32ac
0595;fd6e
0e50;fe9d
0c51;1e97
0a91;4ef6
06a9;c93c
09b3;3072
019e;b377
02b3;174d
18ba;db7a
10d6;76f6
15b9;5f4a
1e50;a133
0558;12a8
0931;0215
0c1c;d939
1899;37da
1f14;94f5
1e78;4aa1
12e4;685d
18ad;47b2
1f55;824c
0056;5edc
027b;01c9
15e2;2856
0fd1;b8b4
1744;084c
0b00;d041
001d;5297
01d1;c7fb
1aaf;3d4e
0a7a;fb48
1d0a;216b
025f;44d5
1659;4d83
0b96;07e6
08f2;cbf2
1c5a;0b26
1d66;0dc9
0bb5;c129
0f55;f781
0add;ef20
1fcf;3c61
0b2d;c1c4
1b3e;6efe
1c2a;35ef
0c58;cc10
0213;166c
05b6;f419
0caf;764f
1050;a2af
1684;cc60
0c57;7773
01a7;7101
02b6;da84
1e43;f04b
18ce;d0f0
1746;1e47
1a2a;9796
02a1;72d2
0dee;dccc
15f2;8a3b
0fb6;d447
1826;3fa9
068d;8407
0b6b;d0f9
0e9a;c8a5
147c;f651
1046;c17b
0e43;2034
0b91;c9c2
0664;2a88
1cf5;27c1
1c5f;d1b6
0778;334b
1bde;4451
05e2;35d0
1a3c;d317
082c;4efb
0eb4;69c4
14fd;5920
089b;9a3d
1756;58b9
0858;041b
0142;1ae2
13c7;74b1
1742;b3bd
0b99;ec49
1bbe;0eb6
0ffd;687f
1338;c7e7
0b72;d7e5
1f24;105d
1f65;d279
12b8;cde1
1263;6f7c
04f3;559f
18e7;c763
008f;5e9d
09d2;18de
0be0;cb0b
114b;6b47
1e5a;4775
0d5a;eaac
1675;2dc9
15c5;0875
17ab;7ca3
1e88;63bd
1bf4;5c5d
0ed1;d864
1f77;96a0
19e9;079a
1d26;85d3
1e67;cba3
0cf2;6518
090c;15d3
1129;cfd1
15f1;a941
03c9;ef24
1135;95df
1f4e;5e7c
17d2;7106
09a4;d3bc
1910;31db
0464;71ea
09aa;3cdb
0601;1138
1783;4ba6
1ffc;ef74
0d0e;1325
094f;0fd3
1b93;8b06
1890;7ea4
0094;a2fb
0818;2a82
10b1;5ab3
0e65;4f11
10a2;ae74
0fa6;df3b
009f;e7ad
1a77;c43a
072c;2ea0
1a83;d8f1
1b9a;6fc3
1b5d;85ce
0cac;4bc0
1808;5f10
076c;08f5
1e95;9943
0606;ccca
007d;4921
03c4;b21f
1996;a886
1d85;27d2
0834;c6a2
0475;1383
0388;eec3
02bd;5bbf
1099;2de1
09ef;80e5
1216;48c0
1fb6;3209
063a;a1be
0070;63cd
176e;b879
118e;d3a1
19e6;b415
1333;a4cc
1d8b;e79e
0fe6;8a81
0ca3;256a
11a8;6349
0a6e;6892
0dc0;385e
0944;b25c
01d5;8012
1544;0698
17ae;4e25
08e8;1b31
14c6;7b05
1d32;34dc
18f7;03e2
0774;8a11
0cf1;f1d7
1e08;d630
0cb1;50c8
06b5;65ea
1698;dd67
1d7a;8ab3
0460;4b15
059a;f99f
08dd;6bb5
1c84;0563
0258;f613
032b;489f
1c2c;bc80
0695;0276
027f;8ddf
0fe2;4d48
05e9;32c0
1c14;49a4
04dd;1b06
1752;3656
00a9;89e4
175b;e4f5
159d;bbb4
1734;dc03
1dc4;22d9
098d;6c0c
182e;a7ad
1eaf;fa18
1696;a20c
07c2;6cef
13ac;9ba4
09fa;b3a5
1d78;0c55
0484;75ce
11ac;6856
0b8e;4fac
1d9a;a9c7
0417;274d
076d;58a8
015b;0767
0262;9165
1688;f293
1a02;c6bc
0baa;b7c8
01e7;7eb0
1e4a;65a0
01df;c5f7
0063;7dd5
1807;71fc
108b;2bc6
05a3;5bab
1b4b;e9f9
02ec;1cec
0b11;1472
193e;9939
1fb7;44a0
14ca;3805
001b;d9da
16de;de77
119c;5b96
08cc;23c4
1ed6;98c6
12e5;6ebf
07e2;5bd2
0dad;4096
0950;1517
1a21;aa66
0f43;8075
0580;80bd
1452;bfb0
1750;9a37
09ac;66ad
1943;2e9f
050a;590a
13ff;ef77
182f;857a
10ea;fc25
1145;7afb
12ed;89ba
07e3;55fc
162b;6b6a
04e9;241f
1208;2be6
0e2b;b155
0a0f;8bbb
1a60;c81e
1b6a;544e
11d3;2b77
00d1;dd9f
01f9;fc26
04c5;c62f
0bf4;efc8
09db;e493
055b;f6fc
1293;8b63
0781;b54f
122e;d5da
05ef;77c0
1fbe;2f44
016f;724a
1ccc;accf
11f9;f13a
0291;c7b9
1773;0bf4
0e91;c7ad
0b74;2609
19d0;3599
0166;1bb1
00ce;bd8f
1a74;2233
1842;0c4a
1ad9;189e
0ab2;ce49
0b71;ed8b
0fff;cf74
1c44;ebde
0f6e;74b7
145e;0f67
18b3;3e46
1fdd;718d
19dc;e7a8
1bb5;4b56
1fd3;2264
1d08;27ff
1595;02e6
125d;99c2
0771;ae2d
19b6;7aab
0b51;fd29
0008;4575
1069;8f01
1450;70f5
1b42;08af
0482;e2f7
0698;2652
1c3b;f758
08a7;b5db
1dc5;1b7f
0049;de83
1790;6612
0b6d;c7f1
1b1d;d32d
1986;7ae8
03e6;9522
1f2c;e1c3
1916;d384
1c4f;3770
067a;1901
1f73;1bc5
026f;da1a
0c7e;8476
0cd6;814a
0b31;0a5b
103c;657a
14ba;cc77
069f;ea92
0145;9d65
055d;8e04
007b;0470
17db;73f5
19d5;e63f
0c7a;ed61
1026;7907
1cb4;1c2a
1d8c;74fc
06ae;316b
0ee2;078a
08ee;31b2
1687;e7e8
02ee;09a9
1015;0265
1428;7bfc
0e40;7d43
1f2b;9d76
1034;df3c
1405;4916
0065;15ce
0887;a0e7
0e32;2923
0d22;69d9
0122;6edb
1ca7;7fef
0b5b;07de
1813;504b
14e1;8ed5
0a74;a319
0ff2;0b77
09d8;2f80
0644;a241
1ea1;bae6
0779;6e35
1dc8;e87c
04bd;3c5b
175e;e627
1638;42fc
1e8b;b576
1354;8fdc
0cd2;fc16
137f;4be4
087d;0ae0
1d18;083f
0ab4;f7cd
028c;d0d8
0caa;e3bd
04a9;0ab5
05d9;e2fd
135b;0b3d
14e3;9894
0f0c;ac3b
0661;fbcd
1a42;342d
11bc;8ace
03a1;44c5
15e3;86fe
1ec4;298b
0321;68cf
0b63;0fd3
1fa3;074a
0505;8a0d
0cbb;4548
0d07;9b0f
11b2;713e
0048;84d0
087c;6180
1cde;7e6c
096c;5e0c
16f5;5ab0
12b7;1eb9
0ee1;5acf
1d16;2b1d
0c1e;b761
1cf0;0b7f
0c12;8dcd
0581;d5d1
1fe6;c87f
0cc5;4d7a
17c1;de6a
0afe;7d4d
1418;1956
1181;5625
18cc;dd12
09a8;59a1
18a9;9363
1bec;4f93
1ff6;d218
111c;6c78
0bfd;25ca
0172;2b3b
1d81;cad9
01d8;bd6e
1d3f;37ca
0a0d;3629
09a6;8ab3
05c4;e184
14a3;2c28
122b;f877
12b3;151d
07ca;c2f0
1ec0;a03d
084f;a23f
01dc;8c00
059c;e651
1300;2691
12c3;9ef8
18de;e9d5
19db;6b7c
07fe;7614
1654;1c7d
1a57;8a8c
1dfa;c8dd
0243;2211
0db9;0665
0b0c;c868
0b46;f1e3
10ad;10ef
138b;de9e
1f23;e748
0e36;d559
1e79;fa7a
1317;dba1
19d4;e061
132f;0cb9
011e;caf5
1d1f;2ebb
09e5;47ec
15d4;cba5
1b74;f635
1270;7c33
19ee;0bff
0a92;5d02
1d37;90fa
01b4;87e3
1702;0b4f
0410;f0c0
1474;e3cb
0d2b;4fbf
10b7;e838
055f;94ea
0d9f;18b1
0062;bdbc
00e3;f634
13b9;1cfd
1139;55c9
081f;42a3
0776;0f84
0c94;1065
1196;544f
1d55;ab4c
1d21;03b9
08fb;f76c
1481;3e6b
15db;a031
1a28;3d52
1c31;56e8
1889;8499
093e;1550
14bf;ba99
0731;a6c1
0b45;5125
08c1;338c
1633;2f16
1e98;537f
1245;6097
1461;207e
02b8;04bd
1e59;f030
0a5b;5862
0212;9689
1bb1;87ad
14d6;6b14
08ae;bdf9
1e48;8083
1031;91d9
13e9;08ac
102b;8285
1a5e;9b5f
1dd7;5815
11a3;37cd
1b2e;b861
1265;37f4
0eee;0f0c
1eeb;36c0
14d0;fdae
0799;efc8
0fdc;8990
1cc2;4866
11be;90dd
10a4;e148
1d42;bd85
0fdd;14ce
0378;8abf
0896;5043
03f1;413a
1e84;9808
0e83;55a1
01f8;dde3
029b;3323
188d;c3f7
1be5;98df
041a;e4ed
0932;959a
054f;62d9
15b2;5282
0a66;6dd9
0881;b56a
0551;ee17
0d83;b038
1fea;9347
128a;936a
1024;d8b8
00c7;253f
1f29;a256
1003;7959
01eb;69cf
11e4;0b61
1cfd;b3b8
0d30;0e0d
0fb8;26c8
0173;3434
08c9;0e3f
05da;0e1f
0f3c;3fc3
1f4d;f403
0dd7;0235
1e6f;037c
0f75;2741
092f;1cfe
00fd;41bd
1dd2;f05e
1b32;9898
008d;55e4
04d6;b821
088c;8073
1ea3;48bd
11c7;1ca6
10f7;5e0b
063f;48c4
157d;c3ef
0ae7;edc4
15ab;47e9
1bd4;45f9
1183;3bf7
0fa4;0776
1635;afce
1b46;8c0b
0c7c;2ac2
1d38;ba12
0bef;44c6
1815;9792
1ba9;c6eb
1e29;3e3a
0941;7ad5
1b7f;64a0
0ef1;cf15
1392;1d28
1f91;5546
096f;8423
0de9;ccca
000c;785a
01aa;9e48
0e6e;ad3d
17e7;a999
1262;d202
032c;7417
1f3b;474b
0c6b;9434
0610;1cc9
1efb;664f
0503;cb4e
1390;1c60
008b;a345
02e2;70e4
1ce3;19df
1156;5bd7
145a;fa68
10b9;71af
03af;3e1e
0554;b7d9
1851;0844
0bba;cd79
073f;24a0
0e5a;8cbc
14fe;37c8
0347;54d1
16ff;91df
122f;6a88
00f0;dfa3
036c;6ec7
089a;1cb1
0763;2a3f
038c;a172
1640;d044
1493;e708
0092;19e7
0d82;a8c6
14aa;d816
1c2e;a890
1d7b;7927
1863;b409
1896;8627
0a49;80d3
1a7e;a5e7
1d2c;e4c1
0bbe;613b
0607;1d5e
1409;3778
1cb2;656c
11aa;0d65
07cd;c68a
19b3;f541
0aa8;c36b
078f;aea9
1772;16c5
0f67;9521
1a55;4db8
1f6f;7f2c
17a1;42c9
064b;d001
199e;e75d
0dda;d1e7
10cb;0140
0da4;df1e
08f1;5efe
1b07;4a2d
00f4;8d9a
111d;bbab
18a2;c423
164e;b1c0
0217;815f
1167;1207
11c4;8f5b
0631;c69e
1523;f847
071e;83c6
05f6;c290
0c1f;b966
0e1b;5335
1108;7569
0196;c2ae
0d87;88d1
0598;50f1
0b26;fe38
01de;888c
1cb0;0257
04d7;ca73
094d;6eb3
02f8;07c2
0e41;3937
0cbe;b2fd
10da;31d5
1eae;87d8
1ba6;3614
0e94;c9e3
0aab;2cfd
0d6f;54bc
00c1;c68d
0a20;1c2d
1d3b;2b0f
1f02;5abc
0b43;d48a
13ee;5c1f
12e1;c0ca
1e15;2cd1
1878;0f13
0e02;c14c
18e3;7399
1fc3;a015
1c8d;e4e2
1527;38ab
16ef;cecc
10b3;6dd1
00b7;df05
0b42;5861
1a6f;ad84
0fd8;4fdd
1c57;5752
13d4;bc10
0572;a03d
036f;5aee
0c20;01f0
1a15;aeaa
1c85;f10a
068c;7107
0c88;9539
0ef5;99fe
00fc;2996
19c5;3560
10e1;d2c4
03f3;4292
1dcf;38ba
0032;7ad1
0aa1;3bae
1941;b33f
1057;53eb
1ad8;f4b9
0c14;ad1a
0b1e;58f6
1d60;3ff4
0191;a400
1fbd;11ac
1aea;35b9
0299;e436
1fa0;e45f
0a55;eb88
1566;79bc
1d7f;9ab7
14cf;b1b4
02ff;51e4
10d0;c51e
0c30;9c42
0684;c6da
1672;5a5f
01c8;3320
12b0;84b9
0bea;60e1
1913;d631
0888;ca6a
1c94;00d2
0603;009a
0e20;668b
09fd;0322
016b;d8c7
0c6d;d343
0b10;b9b7
05c1;4070
06b9;bb6a
048b;2d64
052f;d780
05e8;3ebe
0496;e3a7
1c48;3653
05b2;d14e
1166;e8df
0974;a536
16b0;56b5
16e5;3b41
0c5d;0d3e
181f;d222
0aa4;0e25
1bb9;e9d5
1f70;b484
105b;915e
0f35;8688
116e;8cb1
182b;efee
1234;0d94
0446;2563
1c1e;5ae5
0935;f834
048e;16f4
0a0e;76a7
0599;bf59
089c;eb33
1e09;9669
049b;1180
0c3f;3756
17c8;66c4
12cf;f9d2
1256;893d
15eb;9207
18b5;646a
1ff3;8f05
1740;7217
0807;fcf8
0d15;fa0f
0976;67ba
1aec;a8e9
044f;86c7
1f4b;76b0
014f;9496
0162;9f24
1a07;7134
09cd;4b3b
078d;fc6f
1b98;a513
0d8b;b581
0987;ebe4
1f5c;8137
1ae1;81f8
0ebc;f89c
0c44;e336
16ab;f137
1deb;39ef
1581;13c8
13e5;dc03
04ca;0d00
077b;80a5
0885;cbe4
0f9e;1b4e
0b61;cf0e
189f;32d0
13d0;05b6
1e20;d107
1198;7248
0b1a;a66f
1b44;5d69
184b;5a96
0592;41e0
09c8;2231
099d;949a
03a6;a344
123b;e849
0180;9091
00b9;985f
0898;4a2e
0550;953b
0805;e068
1adf;3689
09af;8b37
0d06;b170
1955;1a48
0d09;a2dc
1765;b2b6
0ede;de92
0a5d;db36
03be;19d7
1812;c948
0365;018c
1023;d6da
1b24;83d2
13e4;609e
0462;84f3
0cba;643a
0471;8a21
1217;b9f9
162a;12b1
1f18;e503
06ec;f9eb
07e8;7c63
05ee;b1db
0d32;643e
0289;c900
0e7e;4a5a
05f0;5a6d
0a4a;e971
03c6;3fc0
17fc;55e3
104c;5013
0264;0c25
03a2;e78d
1ed1;b3f5
1b30;fbaa
0307;62db
00b3;ae59
08d2;38c7
14a2;6f93
0e3f;4911
1613;925b
1985;d4c4
0bcf;64bd
088b;08cc
1f3a;3061
0893;c688
06f0;b7de
0bed;c406
1d29;d515
1e19;48be
1d15;5453
0e92;0de0
13f9;05ab
1305;5d3f
11e7;40e8
0201;559d
1a65;fdb7
0203;0dc3
14de;bc29
1b40;2a2e
02af;ab52
1f40;2a77
02aa;88f6
062e;00e1
0db2;1313
18bc;ac2c
157a;d961
16ce;75f1
076a;1094
1615;2591
1cf6;d200
0611;a046
1f12;f4fd
05d2;c5e7
0d56;9d7c
1f74;879a
1441;0bd3
0198;3754
037a;197a
0a28;4e69
13f1;df2b
1567;d8ec
0918;19b5
0b3c;8dff
0ea1;f8e1
1881;e2d5
09e1;2ff0
04c1;702e
1b22;fe1d
0f92;0b03
053d;a84b
158a;d80b
1a44;1907
1351;cda7
07eb;8c3e
06e0;5d62
0b7a;2827
1ff9;f415
1556;ef09
04aa;79b5
0519;0792
13ba;278d
141d;2797
0306;56a0
0351;4398
013e;46e3
0b7b;365d
16b5;401d
0105;8942
1ade;8618
1fd1;eab2
0840;b078
1f67;5f9a
13d8;7753
1f56;7fad
1a39;0744
00c8;9571
0e80;a008
0823;38ca
0fad;9cfa
09a7;2dd3
16cb;6c91
1013;e4ca
19ed;a56f
089f;b11c
195c;4f5b
0a02;061b
038d;3005
03a0;9bfa
0c80;ed0b
079c;f0cc
1d89;ad77
0574;49fb
0edd;2fa5
0301;55ca
0eaa;8bfc
1144;f51a
1274;4721
0528;ba20
16ae;b49a
044a;7e22
1da8;8a4c
0328;5301
0df1;18aa
10ce;604e
0ea4;5b58
065b;a202
186d;d161
0df6;307f
1bd7;757e
14e4;a913
00f3;c0b3
0aa9;6955
1745;3c72
0f4e;4b0a
1fc2;1527
1fae;efeb
0862;2d3f
0da7;3b44
04b8;24cb
0cc2;2586
128d;499c
1656;e483
1d5d;9f6b
0263;c33e
1ae2;1a53
1d44;5963
13b3;d578
14ee;9110
0d73;6818
1631;9dc3
0308;6bd2
0f0e;0dfc
02c7;0219
03d4;814f
12d7;ccbd
0b80;7a2c
16e6;0005
10e8;25ec
1dd4;cb7a
1dff;7b49
05bd;274e
0e88;5d2b
069a;4d13
1727;f044
196d;a973
0614;a0fe
0fd6;bdda
08d8;bc71
1bcf;cbc8
1def;999d
151c;0a3b
0e1c;9bf2
1376;7802
107b;7027
14f7;27f7
1662;2476
1336;8b08
0268;6c82
02f5;ea7c
125c;f14f
1562;4ff0
0953;01a7
1bae;7da1
0820;ddb5
1f49;3316
1ee8;78ab
00dc;10ee
1591;b65b
10e2;cdba
0a14;0e1c
0128;7d0c
16cc;795c
04ea;66f7
0b79;fc82
195e;2b30
0155;ed61
0495;489a
020f;f614
019d;7bfc
0f19;6eb5
1ba0;d242
0992;2f70
0ddf;8001
0d01;d640
1ce5;6c09
0a3f;7d03
0409;383f
1366;5f20
1d22;d1ce
13b5;ca74
150e;f148
1164;e827
1ddf;9523
1979;e392
06f2;9f6f
106c;c7fb
1cdf;b436
16a6;a6bf
1ac1;8f94
086a;700c
1d33;04d5
1604;3d84
1ec9;b9ce
1891;b226
17e5;1900
1dec;c880
1e77;400a
0f3e;ecc3
1582;d650
0288;48c1
03ab;5399
1999;8b62
183c;0468
116c;1e7a
181b;29aa
1232;712f
1205;9691
15b5;e1f6
04dc;b4f4
1fa5;5843
1261;8a65
1363;2df3
0ed8;a659
0b15;504c
130b;d4a2
1df7;510c
191b;a979
0822;c45b
018c;506c
16fb;32f4
0bd3;6833
0516;fe56
148b;10db
04e8;9373
157b;273e
13aa;70f8
1d69;d93d
1301;e4ca
0844;9b78
1b97;84d6
0081;b843
077f;510f
03e2;364f
0fb7;6861
09eb;ca69
0c0c;173d
117d;30f1
11ef;dc36
0afb;ad5c
1c9f;3139
012f;e836
1a10;2b9e
1610;17b7
067f;2dc0
1a8d;05f8
1ef7;e55b
170a;db9c
1298;db3b
063d;a620
06a1;0f24
0da1;d2d8
14ef;9a41
1e89;556b
1374;c6b6
190a;8f7e
1ddd;68bd
0a9a;a0e1
1820;6c17
095c;6530
0ce1;1724
0eda;b010
07da;5037
0b60;21a9
0ef4;dfba
183a;09d5
199a;958d
10a3;b520
1814;537a
04f8;1b54
13b0;37db
1113;9b7d
03f9;a82e
0339;7eb1
1b23;c374
0e90;5290
0bc5;4638
0bf2;6869
00f1;c420
1d94;8aec
0a57;43d4
0b3f;d4c3
080e;9a97
1fe8;8a4d
1693;3780
1b81;b36a
1400;0b32
1dc1;aa18
0b37;0132
00f8;9fa8
06cc;963d
0d2e;6796
0b3b;17be
154e;8afe
1414;4527
0836;49fe
16e0;8d08
147e;1353
158b;428b
1570;9dea
0933;134e
0f7a;559d
13c6;807b
086d;cfd1
0cd5;e920
0be9;6581
063c;5995
0ea6;acab
146a;36e7
17c7;7ade
009c;fd12
0da5;f000
19bd;8d30
11e8;9a88
0cef;3fd7
0cda;0d30
17f5;7548
1f53;8206
0532;9cd3
1c18;ae5c
0a11;5e35
0bd0;174c
0c9d;5630
02b9;f954
07be;22ad
1421;17bc
1690;8222
054b;4096
05fe;c252
0ad1;e7b2
18fd;9c45
00bc;41db
012d;7242
0641;8c8d
118c;097b
1290;1360
0210;963b
1410;b308
0fcb;abc9
0f65;ee13
15b1;db32
0e2e;d4af
1649;e3cb
08e5;6d5d
1131;2d33
1d40;8c28
0f93;9e31
01f5;bd8e
19ba;678e
1844;4f82
10c9;1303
0c1d;7385
178f;849b
15c9;dcf4
0c95;1ae0
10aa;683b
099a;fe5b
142e;6b06
08e7;54d5
062c;571c
0407;613e
0433;edaa
0b6a;a36c
02e9;4d51
15a3;c5a4
003b;c753
09f1;4a75
1d12;09ef
03cc;d420
0874;a73a
16c9;2a87
0303;b1ec
0e7c;d484
12d8;419a
050d;ca75
1676;0b77
165a;7704
0199;99e9
035c;171e
1bc2;85df
0507;f89e
1e02;8b2b
0186;ea15
1643;c498
0dfd;2034
1be3;b63f
1a38;d2cc
147b;18ea
0f31;49c5
06f5;bd6e
0b95;b32a
0211;390b
